,,U.S.,Fees &,,,Regional Interest Rates,,,,,Regional Fees & Points,,
Year,Week,Interest Rate,Points,NE,SE,NC,SW ,W,NE,SE,NC,SW ,W
1990,5-Jan,9.83,2,9.69,9.84,9.87,9.8,9.98,2.4,1.9,2,1.9,1.6
,12-Jan,9.8,2,9.7,9.74,9.83,9.75,9.93,2.4,2,2,2,1.7
,19-Jan,9.9,2.1,9.78,9.86,9.93,9.83,10.08,2.5,1.9,2.1,2.3,1.7
,26-Jan,10.05,2.1,9.95,10,10.12,9.96,10.18,2.5,2.1,1.9,2.3,1.8
,2-Feb,10.17,2.1,10.02,10.15,10.21,10.14,10.34,2.5,2.1,2.1,2.1,1.8
,9-Feb,10.21,2.1,10.15,10.13,10.24,10.1,10.33,2.4,2.2,2.1,2.2,1.8
,16-Feb,10.1,2.1,9.96,10.09,10.17,10.09,10.21,2.5,2,2,2,1.8
,23-Feb,10.31,2.1,10.22,10.27,10.31,10.19,10.47,2.4,2,2,2.4,1.8
,2-Mar,10.23,2.1,10.13,10.18,10.3,10.13,10.38,2.5,2,2,2.2,1.7
,9-Mar,10.29,2.1,10.21,10.23,10.33,10.21,10.43,2.4,2.1,2,2.1,1.7
,16-Mar,10.34,2,10.26,10.29,10.36,10.25,10.47,2.3,2,2,2.1,1.7
,23-Mar,10.26,2,10.18,10.25,10.3,10.17,10.36,2.3,1.9,2,2.1,1.8
,30-Mar,10.22,2.1,10.15,10.16,10.27,10.15,10.34,2.3,2.1,1.9,2.2,1.8
,6-Apr,10.26,2,10.14,10.22,10.3,10.2,10.4,2.4,2,1.9,2,1.7
,13-Apr,10.25,2,10.13,10.23,10.28,10.2,10.4,2.5,1.9,2,2,1.7
,20-Apr,10.41,2.1,10.25,10.44,10.42,10.42,10.55,2.5,2,2.1,2,1.8
,27-Apr,10.56,2.1,10.39,10.55,10.63,10.61,10.67,2.5,2,1.9,1.7,1.9
,4-May,10.67,2.1,10.54,10.68,10.72,10.61,10.81,2.5,2,2.1,2,1.8
,11-May,10.54,2,10.39,10.49,10.6,10.55,10.67,2.5,2,1.9,1.8,1.8
,18-May,10.37,2,10.27,10.32,10.4,10.32,10.51,2.4,1.9,2,1.9,1.8
,25-May,10.33,2,10.23,10.25,10.41,10.22,10.47,2.4,1.9,1.9,2,1.7
,1-Jun,10.29,2,10.17,10.23,10.32,10.31,10.42,2.5,1.9,1.9,1.7,1.7
,8-Jun,10.1,2,9.94,10.05,10.2,10.17,10.21,2.5,2,1.9,1.6,1.8
,15-Jun,10.12,2,10.01,10.05,10.2,10.08,10.23,2.4,1.9,1.8,1.8,1.8
,22-Jun,10.16,2,10.02,10.13,10.19,10.19,10.3,2.5,1.9,2,1.7,1.8
,29-Jun,10.15,2,10.04,10.06,10.19,10.16,10.29,2.4,2.1,2,1.9,1.6
,6-Jul,10.06,1.9,9.96,10.06,10.12,10.06,10.14,2.3,1.8,1.8,1.7,1.8
,13-Jul,10.11,2,10.01,10.11,10.13,10.06,10.23,2.3,1.9,2,2,1.8
,20-Jul,9.99,2,9.85,10.02,10.04,9.98,10.09,2.5,1.8,2,1.8,1.9
,27-Jul,9.98,2,9.83,10.03,10.08,9.98,10.08,2.5,1.8,1.8,1.8,1.7
,3-Aug,9.84,1.9,9.76,9.84,9.93,9.86,9.91,2.4,2,1.7,1.3,1.6
,10-Aug,10.08,2.1,9.89,10.12,10.11,10.1,10.22,2.5,1.9,2.1,2.1,1.9
,17-Aug,10.05,2,9.95,10.01,10.07,10.09,10.15,2.3,2,2,1.6,1.9
,24-Aug,10.29,2.1,10.21,10.14,10.34,10.28,10.41,2.3,2.8,1.9,2,1.9
,31-Aug,10.24,2.1,10.18,10.18,10.31,10.11,10.36,2.3,2,1.9,2.5,1.8
,7-Sep,10.19,2,10.14,10.12,10.2,10.08,10.32,2.2,2.3,2,2.1,1.7
,14-Sep,10.13,2,10.08,10.04,10.22,10.03,10.24,2.3,2.2,1.9,2,1.8
,21-Sep,10.16,2.1,10.07,10.08,10.21,10.1,10.3,2.5,2.2,1.9,1.9,1.7
,28-Sep,10.22,2.2,10.12,10.16,10.28,10.13,10.37,2.6,2.3,2,2.4,1.9
,5-Oct,10.08,2.1,10.03,9.99,10.15,9.98,10.19,2.4,2.2,2,2.1,2
,12-Oct,10.22,2.2,10.19,10.12,10.26,10.12,10.35,2.4,2.3,2.1,2.5,1.9
,19-Oct,10.24,2.2,10.16,10.23,10.31,10.14,10.35,2.5,2.1,2.1,2.3,1.8
,26-Oct,10.17,2.1,10.1,10.09,10.28,10.07,10.27,2.4,2.2,2,2.1,1.9
,2-Nov,10.13,2.1,10.07,10.06,10.23,10.06,10.23,2.4,2.1,1.9,2,1.9
,9-Nov,10.09,2.1,10.02,10.04,10.12,10.03,10.19,2.4,2,2.1,2,1.9
,16-Nov,10.02,2,9.96,9.99,10.05,9.99,10.11,2.3,1.9,2.1,1.8,1.8
,23-Nov,9.93,2.1,9.83,9.87,10,9.88,10.06,2.4,2.1,1.9,2,1.8
,30-Nov,9.9,2,9.83,9.89,9.92,9.84,10.01,2.2,1.9,2,1.9,1.8
,7-Dec,9.81,1.9,9.68,9.79,9.94,9.75,9.91,2.3,1.8,1.6,1.9,1.7
,14-Dec,9.56,1.9,9.46,9.57,9.67,9.57,9.62,2.2,1.7,1.8,1.7,1.7
,21-Dec,9.64,1.9,9.52,9.62,9.73,9.62,9.72,2.3,1.8,1.7,1.7,1.7
,28-Dec,9.68,2,9.57,9.63,9.74,9.67,9.78,2.4,2.1,1.9,1.7,1.9
1991,4-Jan,9.56,1.9,9.46,9.55,9.65,9.61,9.6,2.5,1.8,1.9,1.4,1.7
,11-Jan,9.63,2.1,9.53,9.6,9.7,9.61,9.7,2.3,2.1,2.2,2,2
,18-Jan,9.75,2.2,9.69,9.68,9.77,9.69,9.88,2.6,2.1,2.1,2,1.9
,25-Jan,9.61,2,9.51,9.58,9.68,9.57,9.71,2.3,2,2,1.9,1.8
,1-Feb,9.56,2,9.46,9.55,9.63,9.52,9.66,2.4,1.8,1.6,1.8,1.9
,8-Feb,9.36,1.9,9.27,9.34,9.46,9.27,9.47,2.3,1.7,1.8,1.9,1.7
,15-Feb,9.25,2,9.17,9.23,9.33,9.16,9.34,2.4,1.9,1.9,1.9,1.7
,22-Feb,9.29,2.1,9.2,9.27,9.36,9.23,9.41,2.4,2.1,2.1,2.1,1.8
,1-Mar,9.4,2.1,9.32,9.4,9.43,9.34,9.49,2.5,2,2,2.2,1.9
,8-Mar,9.49,2.1,9.4,9.51,9.55,9.4,9.58,2.4,1.9,1.9,2.1,1.9
,15-Mar,9.5,2,9.41,9.52,9.54,9.46,9.58,2.4,1.8,1.9,1.9,1.9
,22-Mar,9.59,2.1,9.55,9.56,9.64,9.55,9.66,2.3,2.1,2,2.2,2
,29-Mar,9.52,2.1,9.41,9.54,9.63,9.52,9.58,2.5,1.9,2,2,2
,5-Apr,9.49,2,9.4,9.52,9.57,9.47,9.52,2.3,1.7,2,1.8,2
,12-Apr,9.48,2,9.36,9.48,9.55,9.49,9.57,2.3,1.7,2,1.8,1.9
,19-Apr,9.47,2,9.35,9.46,9.54,9.46,9.56,2.4,1.8,2.1,1.9,1.8
,26-Apr,9.53,2.1,9.42,9.53,9.59,9.52,9.61,2.4,1.9,2.1,1.9,2
,3-May,9.47,1.9,9.39,9.48,9.52,9.44,9.56,2.3,1.8,1.9,1.7,1.7
,10-May,9.47,1.9,9.37,9.48,9.51,9.48,9.54,2.4,1.8,1.9,1.6,1.7
,17-May,9.5,2.1,9.44,9.48,9.56,9.47,9.55,2.4,2,2,2,1.9
,24-May,9.47,2,9.37,9.46,9.55,9.48,9.55,2.4,2,1.8,1.8,1.8
,31-May,9.45,1.9,9.35,9.46,9.49,9.45,9.54,2.3,1.7,1.9,1.7,1.8
,7-Jun,9.48,2,9.36,9.49,9.53,9.46,9.58,2.4,1.9,1.9,1.9,1.8
,14-Jun,9.66,2.2,9.58,9.62,9.62,9.62,9.81,2.5,2.3,2.2,2,1.9
,21-Jun,9.65,2,9.58,9.68,9.69,9.54,9.71,2.4,1.7,1.8,2.1,1.9
,28-Jun,9.67,2.1,9.58,9.63,9.69,9.62,9.77,2.4,1.9,2,1.8,1.7
,5-Jul,9.62,2,9.56,9.61,9.66,9.57,9.7,2.3,2,1.9,2.1,1.8
,12-Jul,9.64,2,9.55,9.62,9.64,9.61,9.72,2.3,2,2,2,1.9
,19-Jul,9.54,2,9.44,9.53,9.58,9.54,9.63,2.3,1.9,2.1,1.8,1.8
,26-Jul,9.5,1.9,9.43,9.52,9.54,9.5,9.55,2.2,1.7,1.8,1.8,1.7
,2-Aug,9.44,2,9.34,9.45,9.5,9.43,9.49,2.3,1.9,1.9,1.8,1.8
,9-Aug,9.27,1.8,9.17,9.22,9.34,9.25,9.36,2.1,1.8,1.7,1.6,1.5
,16-Aug,9.19,1.9,9.1,9.14,9.23,9.16,9.28,2.3,1.9,1.9,1.8,1.6
,23-Aug,9.17,1.9,9.08,9.12,9.24,9.17,9.24,2.2,1.8,1.8,1.8,1.7
,30-Aug,9.15,1.9,9.07,9.11,9.24,9.17,9.19,2.2,1.8,1.7,1.7,1.7
,6-Sep,9.14,1.9,9.06,9.12,9.23,9.16,9.19,2.1,1.8,1.8,1.7,1.7
,13-Sep,9.02,1.9,8.98,9,9.06,9,9.07,2.2,1.8,1.9,1.7,1.6
,20-Sep,8.95,1.9,8.9,8.94,9,8.98,8.98,2.2,1.8,1.8,1.6,1.7
,27-Sep,8.92,1.8,8.85,8.9,8.96,8.95,8.96,2.2,1.8,1.8,1.5,1.7
,4-Oct,8.87,1.8,8.8,8.81,8.9,8.87,8.94,2.2,1.8,1.8,1.6,1.7
,11-Oct,8.82,1.8,8.7,8.8,8.86,8.84,8.9,2.2,1.7,1.7,1.6,1.8
,18-Oct,8.82,1.9,8.72,8.79,8.84,8.85,8.89,2.1,1.8,1.7,1.6,1.8
,25-Oct,8.91,1.9,8.82,8.9,8.89,8.93,9,2.3,1.7,1.9,1.7,1.8
,1-Nov,8.78,1.8,8.73,8.78,8.83,8.75,8.82,2.1,1.8,1.5,1.8,1.7
,8-Nov,8.76,1.7,8.68,8.78,8.8,8.75,8.82,2.2,1.7,1.7,1.6,1.5
,15-Nov,8.69,1.8,8.62,8.75,8.74,8.65,8.74,2.2,1.7,1.7,1.7,1.6
,22-Nov,8.63,1.8,8.56,8.68,8.68,8.6,8.7,2.1,1.7,1.7,1.7,1.6
,29-Nov,8.7,1.9,8.64,8.61,8.72,8.68,8.76,2.1,1.9,1.9,1.9,1.7
,6-Dec,8.62,1.8,8.57,8.66,8.66,8.59,8.67,2.1,1.8,1.6,1.8,1.7
,13-Dec,8.53,1.7,8.45,8.53,8.61,8.54,8.58,2.2,1.6,1.5,1.5,1.5
,20-Dec,8.49,1.8,8.44,8.48,8.6,8.49,8.49,2.1,1.8,1.6,1.5,1.6
,27-Dec,8.35,1.8,8.23,8.36,8.52,8.41,8.35,2.3,1.6,1.4,1.3,1.6
1992,3-Jan,8.24,1.7,8.18,8.22,8.37,8.21,8.26,2.1,1.6,1.5,1.4,1.6
,10-Jan,8.23,1.6,8.19,8.18,8.31,8.22,8.25,2.1,1.7,1.5,1.4,1.4
,17-Jan,8.45,1.8,8.38,8.39,8.55,8.51,8.47,2.3,2,1.4,1.4,1.6
,24-Jan,8.56,1.8,8.5,8.53,8.65,8.57,8.58,2,1.8,1.5,1.8,1.9
,31-Jan,8.68,2.1,8.64,8.68,8.73,8.68,8.7,2.2,2,1.8,2.1,2.2
,7-Feb,8.67,1.7,8.62,8.66,8.76,8.67,8.69,1.9,1.8,1.6,1.6,1.6
,14-Feb,8.73,1.9,8.66,8.71,8.82,8.79,8.74,2,2,1.5,1.5,2
,21-Feb,8.82,1.9,8.73,8.81,8.92,8.81,8.86,2.2,2,1.7,1.8,1.9
,28-Feb,8.83,1.8,8.73,8.82,8.95,8.83,8.86,2,1.8,1.7,1.7,1.8
,6-Mar,8.85,1.9,8.75,8.84,8.94,8.84,8.92,2.2,1.9,1.8,1.7,1.7
,13-Mar,8.88,1.9,8.78,8.84,9.01,8.87,8.92,2.3,1.7,1.6,1.5,1.8
,20-Mar,9.03,1.8,8.96,9.01,9.14,8.98,9.08,2.1,1.9,1.6,1.8,1.7
,27-Mar,8.98,1.8,8.91,8.93,9.07,8.93,9.03,2.2,2,1.4,1.7,1.6
,3-Apr,8.96,1.7,8.89,8.96,9.08,8.92,8.99,2,1.7,1.4,1.6,1.6
,10-Apr,8.84,1.6,8.77,8.82,8.92,8.82,8.88,1.9,1.7,1.4,1.4,1.5
,17-Apr,8.76,1.6,8.7,8.73,8.86,8.75,8.8,1.9,1.6,1.4,1.4,1.6
,24-Apr,8.85,1.8,8.8,8.83,8.93,8.81,8.87,2,1.9,1.5,1.7,1.8
,1-May,8.84,1.8,8.79,8.82,8.9,8.82,8.87,2.1,1.8,1.7,1.7,1.7
,8-May,8.75,1.6,8.67,8.77,8.83,8.73,8.8,1.9,1.7,1.5,1.4,1.5
,15-May,8.64,1.6,8.57,8.66,8.7,8.63,8.67,2.1,1.7,1.5,1.2,1.4
,22-May,8.53,1.6,8.49,8.53,8.55,8.49,8.56,1.8,1.8,1.6,1.4,1.3
,29-May,8.6,1.8,8.56,8.61,8.6,8.54,8.66,2.1,1.9,1.8,1.6,1.7
,5-Jun,8.59,1.8,8.54,8.58,8.63,8.59,8.62,2.1,1.8,1.6,1.6,1.7
,12-Jun,8.54,1.6,8.49,8.54,8.57,8.54,8.58,1.9,1.7,1.5,1.5,1.5
,19-Jun,8.48,1.6,8.46,8.48,8.53,8.43,8.51,1.8,1.7,1.5,1.6,1.4
,26-Jun,8.43,1.6,8.4,8.42,8.51,8.38,8.44,1.8,1.8,1.4,1.7,1.6
,3-Jul,8.29,1.5,8.26,8.29,8.38,8.27,8.29,1.8,1.6,1.3,1.3,1.4
,10-Jul,8.13,1.5,8.12,8.15,8.23,8.11,8.08,1.8,1.6,1.3,1.3,1.4
,17-Jul,8.09,1.6,8.09,8.14,8.17,8.06,8.04,1.9,1.6,1.4,1.5,1.5
,24-Jul,8.08,1.6,8.09,8.11,8.16,8.06,8.04,2,1.6,1.3,1.4,1.5
,31-Jul,8.05,1.7,8.08,8.01,8.11,8.01,8.02,2,1.7,1.4,1.6,1.7
,7-Aug,8.06,1.6,8.04,8.03,8.14,8.05,8.05,1.9,1.7,1.4,1.3,1.5
,14-Aug,7.96,1.6,7.9,7.95,8.11,7.98,7.95,2,1.7,1.4,1.3,1.5
,21-Aug,7.87,1.7,7.83,7.84,7.99,7.88,7.87,2,1.7,1.6,1.5,1.5
,28-Aug,8.01,1.8,7.99,8.02,8.11,8.01,7.99,2.1,1.6,1.6,1.6,1.8
,4-Sep,7.94,1.7,7.93,7.95,8.04,7.91,7.93,1.9,1.5,1.5,1.4,1.7
,11-Sep,7.84,1.6,7.79,7.83,7.9,7.84,7.86,1.8,1.5,1.5,1.4,1.5
,18-Sep,7.89,1.7,7.85,7.84,7.98,7.89,7.92,2,1.7,1.5,1.7,1.5
,24-Sep,8.02,1.7,7.99,7.93,8.06,8.03,8.08,1.8,1.9,1.6,1.7,1.7
,2-Oct,7.93,1.6,7.88,7.86,8.02,7.92,7.96,1.9,1.7,1.5,1.5,1.5
,9-Oct,8.01,1.8,7.95,7.98,8.08,8.05,8.04,2.1,1.7,1.7,1.6,1.8
,16-Oct,8.06,1.7,8.06,8.02,8.11,8.05,8.07,1.8,1.7,1.7,1.8,1.7
,23-Oct,8.23,2,8.22,8.24,8.27,8.24,8.23,2.2,1.8,1.9,1.9,2
,30-Oct,8.21,1.9,8.16,8.23,8.27,8.21,8.21,2.1,1.8,1.8,1.8,1.8
,6-Nov,8.29,2,8.3,8.27,8.32,8.29,8.28,2.1,2,1.9,1.9,1.9
,13-Nov,8.32,2,8.31,8.34,8.36,8.33,8.31,2.2,1.8,1.9,1.9,1.9
,20-Nov,8.32,1.8,8.32,8.33,8.37,8.32,8.3,1.9,1.7,1.7,1.7,1.8
,27-Nov,8.29,1.8,8.24,8.32,8.38,8.31,8.27,2,1.6,1.6,1.7,1.8
,4-Dec,8.34,1.8,8.3,8.36,8.39,8.32,8.35,2,1.6,1.6,1.7,1.7
,11-Dec,8.23,1.6,8.15,8.25,8.3,8.22,8.25,1.9,1.7,1.5,1.5,1.5
,18-Dec,8.19,1.6,8.16,8.22,8.23,8.16,8.2,1.9,1.7,1.5,1.6,1.4
,25-Dec,8.13,1.5,8.1,8.13,8.19,8.1,8.13,1.7,1.7,1.3,1.6,1.4
,31-Dec,8.14,1.6,8.13,8.15,8.22,8.11,8.16,1.8,1.7,1.4,1.6,1.5
1993,8-Jan,8.07,1.6,8.06,8.07,8.18,8.04,8.06,1.8,1.7,1.3,1.6,1.5
,15-Jan,8.04,1.6,8.03,8.06,8.11,8.04,8.04,1.8,1.6,1.4,1.5,1.6
,22-Jan,8,1.7,7.96,8.02,8.07,8.03,7.98,1.8,1.6,1.4,1.5,1.8
,29-Jan,7.86,1.5,7.8,7.88,7.94,7.88,7.88,1.9,1.6,1.4,1.3,1.4
,5-Feb,7.8,1.5,7.75,7.83,7.83,7.83,7.83,2,1.5,1.4,1.2,1.4
,12-Feb,7.75,1.6,7.73,7.8,7.8,7.79,7.74,2,1.6,1.4,1.3,1.6
,19-Feb,7.65,1.5,7.6,7.7,7.73,7.63,7.65,2,1.5,1.3,1.5,1.4
,26-Feb,7.53,1.5,7.48,7.57,7.63,7.53,7.54,1.8,1.6,1.3,1.4,1.4
,5-Mar,7.44,1.5,7.39,7.47,7.52,7.46,7.43,1.6,1.6,1.3,1.3,1.5
,12-Mar,7.47,1.6,7.45,7.5,7.55,7.49,7.44,1.8,1.7,1.4,1.5,1.7
,19-Mar,7.57,1.7,7.51,7.56,7.62,7.55,7.61,1.8,1.8,1.5,1.7,1.5
,26-Mar,7.5,1.7,7.47,7.51,7.55,7.49,7.53,1.9,1.8,1.5,1.8,1.5
,2-Apr,7.53,1.7,7.47,7.53,7.59,7.51,7.58,1.9,1.9,1.6,1.9,1.5
,9-Apr,7.57,1.8,7.54,7.57,7.61,7.54,7.61,2,1.9,1.7,1.9,1.5
,16-Apr,7.45,1.6,7.41,7.43,7.51,7.44,7.5,1.8,1.7,1.5,1.8,1.4
,23-Apr,7.38,1.6,7.33,7.39,7.47,7.37,7.4,1.9,1.7,1.4,1.8,1.4
,30-Apr,7.43,1.8,7.41,7.45,7.52,7.43,7.42,2,1.9,1.6,2,1.7
,7-May,7.42,1.7,7.38,7.42,7.52,7.41,7.41,1.9,1.8,1.5,1.9,1.6
,14-May,7.42,1.8,7.37,7.44,7.5,7.41,7.43,1.9,1.8,1.8,2.1,1.6
,21-May,7.52,1.8,7.46,7.52,7.59,7.6,7.51,2.1,1.8,1.8,1.6,1.7
,28-May,7.5,1.8,7.43,7.52,7.56,7.53,7.5,2.2,1.8,1.8,1.6,1.6
,4-Jun,7.47,1.7,7.4,7.48,7.54,7.5,7.48,2.1,1.7,1.6,1.6,1.5
,11-Jun,7.48,1.7,7.43,7.49,7.52,7.49,7.48,1.9,1.7,1.7,1.7,1.6
,18-Jun,7.38,1.6,7.32,7.39,7.45,7.37,7.38,1.8,1.6,1.6,1.5,1.4
,25-Jun,7.34,1.5,7.29,7.34,7.4,7.35,7.34,1.8,1.7,1.5,1.4,1.4
,2-Jul,7.23,1.5,7.16,7.26,7.3,7.22,7.25,1.8,1.5,1.4,1.4,1.3
,9-Jul,7.19,1.6,7.11,7.22,7.26,7.19,7.2,1.9,1.5,1.5,1.5,1.4
,16-Jul,7.16,1.6,7.06,7.18,7.26,7.18,7.16,2,1.6,1.5,1.3,1.3
,23-Jul,7.2,1.7,7.11,7.21,7.26,7.23,7.2,2.1,1.7,1.6,1.4,1.4
,30-Jul,7.25,1.7,7.21,7.24,7.28,7.23,7.28,2,1.7,1.5,1.5,1.6
,6-Aug,7.21,1.6,7.16,7.22,7.24,7.19,7.25,1.9,1.6,1.5,1.6,1.3
,13-Aug,7.17,1.5,7.1,7.19,7.22,7.16,7.21,1.9,1.5,1.5,1.5,1.3
,20-Aug,7.1,1.4,7,7.14,7.15,7.11,7.13,1.8,1.4,1.4,1.3,1.3
,27-Aug,6.97,1.4,6.9,7.01,7.05,6.93,6.98,1.7,1.3,1.3,1.3,1.2
,3-Sep,6.93,1.4,6.87,6.99,7,6.87,6.94,1.7,1.3,1.4,1.5,1.3
,10-Sep,6.82,1.4,6.73,6.9,6.93,6.79,6.81,1.7,1.2,1.3,1.4,1.2
,17-Sep,6.96,1.6,6.86,7.07,7.02,6.96,6.95,1.9,1.4,1.5,1.6,1.5
,24-Sep,6.95,1.6,6.83,7.03,7,6.96,6.97,1.8,1.5,1.5,1.6,1.5
,1-Oct,6.89,1.5,6.79,6.97,6.96,6.88,6.91,1.7,1.4,1.3,1.4,1.4
,8-Oct,6.87,1.5,6.77,6.95,6.92,6.86,6.88,1.8,1.5,1.4,1.4,1.4
,15-Oct,6.81,1.5,6.72,6.81,6.88,6.83,6.85,1.8,1.3,1.5,1.4,1.3
,22-Oct,6.74,1.5,6.69,6.75,6.82,6.71,6.74,1.8,1.3,1.3,1.5,1.6
,29-Oct,6.86,1.5,6.78,6.85,6.95,6.86,6.89,2,1.5,1.4,1.5,1.3
,5-Nov,7.11,1.4,7.03,7.14,7.15,7.19,7.09,1.7,1,1.1,1,1.7
,12-Nov,7.12,1.5,7,7.05,7.25,7.06,7.2,1.8,1.6,1,1.6,1.5
,19-Nov,7.08,1.6,7,7.09,7.16,7.12,7.09,2,1.5,1.3,1.4,1.6
,26-Nov,7.31,1.7,7.23,7.25,7.35,7.29,7.38,2,1.6,1.5,1.6,1.7
,4-Dec,7.25,1.7,7.22,7.19,7.29,7.23,7.29,1.7,1.9,1.6,1.6,1.7
,10-Dec,7.14,1.6,7.08,7.13,7.26,7.09,7.16,1.9,1.6,1.4,1.6,1.6
,17-Dec,7.17,1.7,7.11,7.1,7.26,7.16,7.21,2,1.8,1.4,1.7,1.7
,24-Dec,7.17,1.7,7.12,7.1,7.31,7.12,7.19,1.9,1.7,1.4,1.6,1.7
,31-Dec,7.13,1.6,7.08,7.17,7.22,7.1,7.1,1.8,1.4,1.4,1.5,1.7
1994,7-Jan,7.23,1.6,7.18,7.16,7.32,7.25,7.24,1.9,1.8,1.4,1.4,1.6
,14-Jan,6.99,1.7,6.96,7.02,7.05,6.94,6.98,1.9,1.6,1.6,1.6,1.6
,21-Jan,7.05,1.7,7.01,7.04,7.1,7,7.09,1.9,1.7,1.5,1.8,1.7
,28-Jan,6.97,1.7,6.93,6.96,7.04,6.95,7,1.9,1.6,1.5,1.7,1.7
,4-Feb,6.97,1.7,6.9,6.97,7.02,6.96,7,1.9,1.5,1.5,1.5,1.7
,11-Feb,7.21,1.8,7.15,7.2,7.27,7.21,7.21,2.1,1.9,1.5,1.6,1.7
,18-Feb,7.11,1.8,7.07,7.1,7.17,7.05,7.15,2.1,1.8,1.6,1.6,1.6
,25-Feb,7.32,1.7,7.27,7.26,7.35,7.31,7.38,2,1.9,1.5,1.5,1.6
,4-Mar,7.51,1.7,7.45,7.47,7.51,7.49,7.59,1.9,1.6,1.5,1.6,1.6
,11-Mar,7.63,1.6,7.6,7.61,7.66,7.61,7.67,1.9,1.6,1.5,1.6,1.6
,18-Mar,7.76,1.7,7.7,7.77,7.84,7.71,7.79,1.9,1.7,1.9,1.7,1.5
,25-Mar,7.8,1.7,7.7,7.81,7.88,7.76,7.84,2,1.7,1.4,1.7,1.7
,1-Apr,8.04,1.7,7.93,8.07,8.08,8.03,8.1,2,1.7,1.4,1.8,1.7
,8-Apr,8.47,1.7,8.44,8.48,8.5,8.4,8.52,2,1.6,1.6,1.6,1.6
,15-Apr,8.26,1.8,8.22,8.24,8.34,8.19,8.3,2,1.7,1.6,1.8,1.7
,22-Apr,8.49,1.8,8.49,8.46,8.48,8.45,8.53,1.9,1.8,1.7,1.8,1.7
,29-Apr,8.32,1.8,8.29,8.27,8.45,8.23,8.35,2,1.8,1.6,1.8,1.7
,6-May,8.53,1.8,8.5,8.52,8.58,8.49,8.56,2,1.7,1.7,1.7,1.7
,13-May,8.77,1.8,8.74,8.73,8.78,8.75,8.83,2,1.8,1.7,1.8,1.8
,20-May,8.56,1.8,8.55,8.51,8.66,8.46,8.6,2,1.9,1.6,1.8,1.7
,27-May,8.53,1.8,8.51,8.51,8.61,8.47,8.53,1.9,1.7,1.7,1.8,1.8
,3-Jun,8.55,1.8,8.51,8.52,8.6,8.52,8.57,2,1.8,1.7,1.8,1.7
,10-Jun,8.25,1.8,8.19,8.26,8.38,8.21,8.25,2.1,1.7,1.7,1.8,1.8
,17-Jun,8.33,1.8,8.25,8.28,8.41,8.3,8.38,2.1,1.8,1.6,1.7,1.7
,24-Jun,8.46,1.8,8.4,8.39,8.53,8.45,8.51,2,1.9,1.5,1.7,1.6
,1-Jul,8.57,1.7,8.52,8.53,8.62,8.51,8.65,2,1.8,1.5,1.8,1.6
,8-Jul,8.68,1.8,8.61,8.65,8.73,8.66,8.73,2.2,1.8,1.6,1.6,1.7
,15-Jul,8.72,1.8,8.65,8.74,8.72,8.69,8.8,2.1,1.7,1.6,2,1.7
,22-Jul,8.53,1.8,8.44,8.44,8.59,8.46,8.65,2,1.9,1.7,1.8,1.6
,29-Jul,8.57,1.9,8.54,8.56,8.65,8.52,8.57,2,1.8,1.7,1.9,1.9
,5-Aug,8.38,1.8,8.38,8.37,8.44,8.36,8.37,2,1.9,1.8,1.7,1.7
,12-Aug,8.57,1.8,8.56,8.51,8.62,8.53,8.61,2,2,1.7,1.8,1.7
,19-Aug,8.54,1.8,8.5,8.56,8.6,8.45,8.58,2,1.7,1.5,1.9,1.7
,26-Aug,8.56,1.8,8.55,8.53,8.64,8.5,8.55,2,1.9,1.6,1.8,1.7
,2-Sep,8.48,1.8,8.43,8.46,8.55,8.46,8.5,2.1,1.8,1.7,1.7,1.7
,9-Sep,8.51,1.8,8.49,8.48,8.53,8.5,8.54,2,1.7,1.6,1.8,1.7
,16-Sep,8.66,1.8,8.65,8.62,8.68,8.62,8.7,2,1.9,1.7,1.8,1.7
,23-Sep,8.73,1.8,8.71,8.68,8.75,8.73,8.78,2.1,1.9,1.7,1.7,1.7
,30-Sep,8.82,1.8,8.78,8.78,8.86,8.78,8.86,2,1.8,1.7,1.7,1.7
,7-Oct,8.89,1.8,8.9,8.84,8.91,8.88,8.91,2,1.9,1.7,1.7,1.9
,14-Oct,8.93,1.8,8.91,8.92,9,8.88,8.92,2,1.8,1.4,1.9,1.7
,21-Oct,8.85,1.8,8.81,8.82,8.91,8.8,8.9,2.1,1.9,1.6,1.8,1.6
,28-Oct,9.03,1.8,9,9.01,9.06,8.99,9.08,2,1.8,1.5,1.8,1.7
,4-Nov,9.05,1.9,9.03,9.07,9.06,9,9.1,2.1,1.9,1.7,1.8,1.9
,11-Nov,9.19,1.8,9.19,9.23,9.19,9.07,9.25,2.1,1.7,1.7,1.9,1.8
,18-Nov,9.19,1.8,9.2,9.17,9.24,9.13,9.2,2.1,1.6,1.6,2,1.8
,25-Nov,9.25,1.8,9.23,9.26,9.27,9.19,9.27,2.1,1.7,1.7,1.8,1.7
,2-Dec,9.23,1.8,9.23,9.2,9.23,9.19,9.29,1.9,1.7,1.7,1.9,1.8
,9-Dec,9.15,1.8,9.16,9.14,9.2,9.09,9.16,2,1.8,1.7,1.8,1.8
,16-Dec,9.25,1.8,9.24,9.24,9.28,9.2,9.28,2,1.8,1.6,1.9,1.8
,23-Dec,9.18,1.8,9.13,9.21,9.24,9.13,9.2,2,1.6,1.5,1.9,1.7
,30-Dec,9.18,1.8,9.18,9.14,9.21,9.13,9.21,2,1.7,1.7,1.7,1.7
1995,6-Jan,9.22,1.8,9.19,9.21,9.26,9.14,9.27,2,1.7,1.6,1.9,1.8
,13-Jan,9.19,1.8,9.17,9.18,9.21,9.13,9.23,2,1.8,1.7,1.9,1.8
,20-Jan,9.05,1.8,8.96,9.05,9.12,9,9.09,2.1,1.8,1.6,1.9,1.7
,27-Jan,9.13,1.9,9.09,9.13,9.13,9.04,9.21,2.1,1.8,1.7,1.9,1.8
,3-Feb,8.94,1.8,8.89,8.89,8.97,8.86,9.03,2.1,1.9,1.7,1.8,1.7
,10-Feb,8.8,1.9,8.78,8.81,8.82,8.7,8.86,2.1,1.8,1.7,1.9,1.8
,17-Feb,8.84,1.9,8.8,8.86,8.91,8.72,8.9,2.1,1.8,1.6,2,1.8
,24-Feb,8.73,1.9,8.66,8.7,8.79,8.66,8.81,2.1,1.9,1.8,1.9,1.7
,3-Mar,8.53,1.8,8.49,8.49,8.55,8.48,8.6,2.1,1.9,1.7,1.9,1.7
,10-Mar,8.62,1.9,8.55,8.59,8.64,8.53,8.77,2.2,1.8,1.7,2,1.6
,17-Mar,8.38,1.8,8.33,8.35,8.42,8.33,8.44,2.1,1.8,1.7,1.9,1.7
,24-Mar,8.4,1.8,8.36,8.35,8.43,8.36,8.46,2.2,1.8,1.6,1.9,1.7
,31-Mar,8.38,1.8,8.31,8.38,8.39,8.35,8.47,2.2,1.7,1.6,1.9,1.7
,7-Apr,8.41,1.9,8.34,8.39,8.42,8.36,8.51,2.2,1.7,1.7,1.9,1.7
,14-Apr,8.37,1.9,8.33,8.35,8.4,8.34,8.43,2.1,1.9,1.7,1.8,1.8
,21-Apr,8.24,1.9,8.2,8.22,8.26,8.18,8.32,2.1,1.9,1.8,2,1.8
,28-Apr,8.26,1.9,8.21,8.21,8.26,8.2,8.36,2.1,1.9,1.7,2,1.7
,5-May,8.27,1.9,8.24,8.23,8.27,8.17,8.37,2.1,1.8,1.7,2,1.7
,12-May,7.87,1.8,7.82,7.88,7.9,7.8,7.92,2.1,1.7,1.6,2,1.7
,19-May,7.83,1.8,7.8,7.82,7.88,7.77,7.88,2.1,1.8,1.5,1.9,1.7
,26-May,7.85,1.8,7.84,7.79,7.9,7.79,7.9,2.1,1.7,1.5,1.9,1.7
,2-Jun,7.71,1.8,7.7,7.64,7.79,7.65,7.74,2,1.8,1.6,1.9,1.7
,9-Jun,7.51,1.7,7.49,7.43,7.5,7.54,7.59,1.8,1.9,1.7,1.6,1.6
,16-Jun,7.55,1.8,7.56,7.46,7.59,7.49,7.62,1.9,1.8,1.6,1.8,1.7
,23-Jun,7.53,1.8,7.48,7.5,7.56,7.51,7.61,2,1.7,1.7,1.8,1.6
,30-Jun,7.53,1.8,7.48,7.48,7.51,7.54,7.63,2,1.8,1.9,1.8,1.7
,7-Jul,7.63,1.8,7.61,7.54,7.64,7.59,7.71,1.9,1.7,1.7,1.8,1.7
,14-Jul,7.41,1.7,7.32,7.42,7.43,7.39,7.5,1.9,1.6,1.7,1.7,1.8
,21-Jul,7.6,1.7,7.61,7.58,7.55,7.6,7.63,1.8,1.7,1.7,1.8,1.7
,28-Jul,7.79,1.8,7.8,7.76,7.76,7.76,7.83,1.8,1.7,1.7,1.8,1.8
,4-Aug,7.82,1.8,7.81,7.76,7.81,7.78,7.88,2,1.7,1.7,1.8,1.6
,11-Aug,7.8,1.8,7.81,7.74,7.78,7.77,7.88,1.9,1.8,1.8,1.8,1.7
,18-Aug,7.94,1.8,7.89,7.93,8,7.88,7.97,2,1.7,1.6,1.8,1.7
,25-Aug,7.88,1.9,7.86,7.83,7.91,7.84,7.92,2,1.9,1.8,1.9,1.7
,1-Sep,7.76,1.8,7.71,7.72,7.8,7.76,7.8,2,1.8,1.7,1.8,1.8
,8-Sep,7.63,1.8,7.6,7.57,7.68,7.62,7.67,1.9,1.7,1.7,1.8,1.7
,15-Sep,7.6,1.8,7.6,7.58,7.65,7.6,7.59,1.9,1.7,1.6,1.8,1.8
,22-Sep,7.57,1.8,7.58,7.51,7.61,7.58,7.58,1.9,1.8,1.6,1.9,1.8
,29-Sep,7.62,1.8,7.62,7.55,7.7,7.64,7.62,2,1.8,1.6,1.8,1.8
,6-Oct,7.57,1.8,7.53,7.54,7.65,7.53,7.58,1.9,1.9,1.6,1.9,1.8
,13-Oct,7.5,1.9,7.47,7.48,7.56,7.48,7.51,2.1,1.9,1.6,1.9,1.8
,20-Oct,7.38,1.9,7.37,7.31,7.44,7.36,7.42,2,1.9,1.7,1.9,1.8
,27-Oct,7.45,1.8,7.44,7.4,7.52,7.4,7.48,2,1.9,1.6,1.9,1.8
,3-Nov,7.44,1.8,7.43,7.41,7.45,7.41,7.47,1.9,1.8,1.7,1.8,1.8
,9-Nov,7.37,1.8,7.33,7.33,7.43,7.4,7.38,2,1.8,1.7,1.7,1.8
,17-Nov,7.35,1.8,7.33,7.29,7.42,7.33,7.37,2,1.8,1.6,1.8,1.9
,24-Nov,7.35,1.8,7.34,7.29,7.41,7.34,7.36,2,1.8,1.7,1.8,1.8
,1-Dec,7.33,1.9,7.31,7.29,7.36,7.31,7.38,2,1.8,1.8,1.9,1.8
,8-Dec,7.18,1.8,7.16,7.15,7.28,7.14,7.18,1.9,1.7,1.6,1.8,1.8
,15-Dec,7.15,1.8,7.13,7.12,7.19,7.14,7.18,1.9,1.7,1.7,1.8,1.8
,22-Dec,7.23,1.8,7.25,7.2,7.24,7.19,7.25,1.9,1.6,1.7,1.8,1.8
,29-Dec,7.11,1.7,7.1,7.09,7.11,7.08,7.14,1.9,1.7,1.7,1.8,1.7
1996,5-Jan,7.02,1.8,6.99,6.99,7.07,7.04,6.99,1.9,1.7,1.6,1.6,1.9
,12-Jan,7.08,1.7,7.04,7.03,7.16,7.09,7.1,1.8,1.7,1.6,1.8,1.8
,19-Jan,7.02,1.7,7.02,6.97,7.07,7.01,7.04,1.7,1.8,1.5,1.7,1.7
,26-Jan,7,1.8,7,6.97,7.05,6.99,7,1.7,1.8,1.6,1.8,1.9
,2-Feb,7.02,1.8,6.97,7.03,7.06,7.03,7.01,1.9,1.7,1.5,1.8,1.8
,9-Feb,7.02,1.7,6.99,6.97,7.06,7.02,7.05,1.8,1.7,1.5,1.8,1.7
,16-Feb,6.94,1.7,6.9,6.9,6.98,6.92,6.98,1.8,1.8,1.5,1.8,1.7
,23-Feb,7.32,1.7,7.31,7.25,7.36,7.35,7.34,1.6,1.7,1.5,1.8,1.7
,1-Mar,7.41,1.8,7.39,7.37,7.46,7.42,7.41,1.9,1.8,1.5,1.8,1.8
,8-Mar,7.38,1.8,7.34,7.36,7.44,7.38,7.41,1.9,1.8,1.6,1.8,1.8
,15-Mar,7.83,1.7,7.81,7.8,7.91,7.78,7.84,1.7,1.8,1.4,1.9,1.7
,22-Mar,7.81,1.7,7.82,7.77,7.86,7.8,7.82,1.8,1.8,1.5,1.9,1.6
,29-Mar,7.69,1.8,7.67,7.67,7.78,7.67,7.68,1.9,1.7,1.5,1.8,1.8
,5-Apr,7.78,1.7,7.77,7.74,7.86,7.74,7.8,1.8,1.8,1.5,1.8,1.7
,12-Apr,8.05,1.8,8.01,8.02,8.1,8.06,8.07,2,1.9,1.6,1.9,1.8
,19-Apr,7.95,1.8,7.91,7.93,7.99,7.93,7.97,1.9,1.7,1.6,1.8,1.8
,26-Apr,7.92,1.8,7.89,7.88,7.97,7.92,7.96,1.8,1.8,1.6,1.8,1.7
,3-May,7.99,1.8,7.97,7.94,8.05,7.99,8.01,1.9,1.9,1.6,1.8,1.8
,10-May,8.24,1.8,8.21,8.21,8.29,8.24,8.25,1.9,1.9,1.6,1.8,1.8
,17-May,8.08,1.7,8.05,8.05,8.13,8.1,8.09,1.9,1.8,1.5,1.6,1.7
,24-May,8.01,1.7,7.98,7.99,8.07,8.02,8.01,1.8,1.7,1.5,1.6,1.7
,31-May,8.03,1.7,7.98,7.99,8.09,8.05,8.03,1.9,1.8,1.4,1.6,1.7
,7-Jun,8.3,1.7,8.28,8.27,8.31,8.33,8.3,1.8,1.8,1.5,1.6,1.7
,14-Jun,8.39,1.7,8.37,8.36,8.43,8.41,8.39,1.9,1.7,1.6,1.8,1.8
,21-Jun,8.3,1.7,8.27,8.26,8.33,8.33,8.32,1.9,1.8,1.5,1.6,1.7
,28-Jun,8.29,1.7,8.24,8.24,8.33,8.32,8.33,1.9,1.7,1.5,1.7,1.7
,5-Jul,8.14,1.8,8.08,8.12,8.18,8.15,8.18,2,1.7,1.6,1.8,1.7
,12-Jul,8.42,1.7,8.4,8.4,8.47,8.42,8.42,1.8,1.8,1.5,1.7,1.7
,19-Jul,8.23,1.8,8.18,8.2,8.3,8.27,8.23,2,1.9,1.5,1.7,1.8
,26-Jul,8.19,1.7,8.11,8.17,8.27,8.24,8.2,2,1.8,1.4,1.6,1.7
,2-Aug,8.23,1.7,8.18,8.21,8.29,8.24,8.23,1.9,1.7,1.4,1.6,1.7
,9-Aug,7.88,1.7,7.89,7.83,7.93,7.9,7.88,1.9,1.7,1.4,1.7,1.7
,16-Aug,7.88,1.7,7.83,7.85,7.97,7.91,7.87,2,1.8,1.4,1.6,1.6
,23-Aug,7.93,1.7,7.9,7.87,8,7.96,7.95,2,1.8,1.3,1.7,1.7
,30-Aug,8.09,1.7,8.06,8.05,8.14,8.09,8.1,2,1.8,1.3,1.7,1.7
,6-Sep,8.34,1.7,8.26,8.32,8.44,8.33,8.37,2,1.7,1.3,1.6,1.6
,13-Sep,8.28,1.7,8.22,8.28,8.32,8.31,8.3,2,1.7,1.4,1.7,1.8
,20-Sep,8.14,1.7,8.07,8.15,8.23,8.15,8.11,2,1.6,1.2,1.7,1.8
,27-Sep,8.16,1.7,8.1,8.13,8.26,8.17,8.14,2,1.8,1.4,1.7,1.8
,4-Oct,8.06,1.7,7.99,8.02,8.18,8.05,8.06,1.9,1.7,1.1,1.6,1.7
,11-Oct,7.86,1.7,7.81,7.83,7.94,7.84,7.88,2,1.8,1.4,1.7,1.8
,18-Oct,7.88,1.7,7.82,7.87,7.94,7.9,7.91,2,1.8,1.5,1.6,1.7
,25-Oct,7.86,1.8,7.83,7.83,7.91,7.85,7.86,2,1.8,1.5,1.8,1.8
,1-Nov,7.78,1.8,7.75,7.77,7.85,7.77,7.76,2,1.8,1.4,1.6,1.8
,8-Nov,7.67,1.7,7.62,7.65,7.74,7.71,7.67,2,1.7,1.4,1.6,1.8
,15-Nov,7.59,1.8,7.55,7.57,7.64,7.6,7.59,2,1.7,1.6,1.7,1.9
,22-Nov,7.53,1.8,7.48,7.51,7.6,7.54,7.53,2,1.7,1.5,1.7,1.8
,29-Nov,7.52,1.8,7.46,7.53,7.58,7.53,7.53,2,1.7,1.5,1.7,1.9
,6-Dec,7.44,1.7,7.36,7.43,7.54,7.43,7.46,2,1.7,1.3,1.7,1.7
,13-Dec,7.57,1.7,7.5,7.56,7.66,7.57,7.58,2,1.7,1.3,1.7,1.8
,20-Dec,7.74,1.8,7.65,7.77,7.81,7.73,7.74,2,1.6,1.4,1.8,1.8
,27-Dec,7.64,1.7,7.57,7.69,7.73,7.64,7.62,2,1.6,1.4,1.7,1.8
1997,3-Jan,7.67,1.7,7.6,7.7,7.74,7.68,7.66,1.9,1.7,1.4,1.8,1.8
,10-Jan,7.85,1.8,7.8,7.88,7.92,7.85,7.85,2,1.7,1.5,1.8,1.9
,17-Jan,7.87,1.8,7.78,7.91,7.93,7.92,7.86,2.1,1.6,1.5,1.4,1.9
,24-Jan,7.85,1.8,7.77,7.9,7.93,7.88,7.81,2.1,1.6,1.5,1.8,2
,31-Jan,7.88,1.8,7.79,7.88,7.95,7.89,7.9,2,1.6,1.5,1.8,1.8
,7-Feb,7.74,1.7,7.68,7.75,7.82,7.74,7.74,2,1.6,1.4,1.7,1.8
,14-Feb,7.65,1.7,7.59,7.69,7.73,7.65,7.63,2.1,1.6,1.4,1.6,1.8
,21-Feb,7.56,1.7,7.5,7.58,7.65,7.55,7.56,2.1,1.6,1.3,1.7,1.7
,28-Feb,7.65,1.7,7.55,7.69,7.74,7.63,7.66,2,1.6,1.4,1.8,1.8
,7-Mar,7.84,1.7,7.76,7.86,7.93,7.82,7.86,2,1.6,1.3,1.9,1.7
,14-Mar,7.84,1.7,7.77,7.85,7.92,7.82,7.86,2,1.6,1.3,1.8,1.7
,21-Mar,7.94,1.8,7.85,7.95,8.05,7.92,7.96,2,1.7,1.3,1.9,1.8
,28-Mar,7.97,1.8,7.88,7.98,8.05,7.97,7.98,2.1,1.7,1.4,1.8,1.8
,4-Apr,8.18,1.7,8.12,8.2,8.27,8.16,8.15,2,1.7,1.4,1.8,1.8
,11-Apr,8.15,1.8,8.08,8.17,8.24,8.12,8.14,2.1,1.6,1.4,2,1.8
,18-Apr,8.16,1.7,8.09,8.18,8.27,8.17,8.13,2,1.6,1.4,1.8,1.8
,25-Apr,8.08,1.7,7.98,8.13,8.17,8.1,8.08,2.1,1.6,1.4,1.8,1.8
,2-May,8.01,1.7,7.97,8.01,8.13,7.98,7.98,2,1.6,1.3,1.8,1.8
,9-May,7.94,1.6,7.87,7.97,8.01,7.93,7.94,7.9,1.6,1.3,1.7,1.6
,16-May,7.91,1.6,7.81,7.93,8,7.93,7.91,2,1.6,1.3,1.6,1.6
,23-May,7.92,1.7,7.86,7.92,8.01,7.92,7.92,1.9,1.6,1.4,1.6,1.7
,30-May,7.94,1.7,7.86,7.98,8,7.94,7.93,1.9,1.6,1.5,1.8,1.8
,6-Jun,7.85,1.7,7.79,7.87,7.94,7.85,7.83,1.9,1.5,1.4,1.8,1.8
,13-Jun,7.72,1.7,7.7,7.7,7.81,7.72,7.7,1.9,1.6,1.4,1.8,1.7
,20-Jun,7.61,1.7,7.55,7.61,7.71,7.6,7.58,1.9,1.6,1.3,1.7,1.8
,27-Jun,7.58,1.7,7.5,7.59,7.68,7.59,7.57,2,1.6,1.4,1.8,1.8
,4-Jul,7.62,1.8,7.56,7.65,7.71,7.6,7.61,2,1.6,1.4,1.8,1.8
,11-Jul,7.47,1.8,7.42,7.5,7.56,7.47,7.45,2,1.6,1.4,1.8,2
,18-Jul,7.47,1.8,7.41,7.52,7.57,7.46,7.43,2,1.6,1.3,1.8,2
,25-Jul,7.43,1.7,7.36,7.43,7.54,7.43,7.42,2,1.6,1.3,1.7,1.7
,1-Aug,7.36,1.7,7.31,7.39,7.44,7.34,7.34,1.9,1.6,1.3,1.7,1.7
,8-Aug,7.46,1.7,7.38,7.46,7.55,7.48,7.45,2,1.6,1.3,1.7,1.8
,15-Aug,7.54,1.8,7.47,7.56,7.63,7.56,7.54,2,1.7,1.5,1.9,1.8
,22-Aug,7.46,1.7,7.41,7.46,7.54,7.49,7.44,1.9,1.7,1.5,1.7,1.8
,29-Aug,7.58,1.7,7.52,7.6,7.7,7.59,7.54,2,1.7,1.3,1.7,1.9
,5-Sep,7.53,1.7,7.46,7.55,7.65,7.54,7.49,2,1.6,1.3,1.7,1.8
,12-Sep,7.53,1.7,7.48,7.55,7.65,7.52,7.49,2,1.6,1.3,1.8,1.9
,19-Sep,7.38,1.7,7.31,7.39,7.51,7.33,7.36,1.9,1.6,1.2,1.9,1.8
,26-Sep,7.28,1.7,7.19,7.31,7.42,7.27,7.26,2,1.6,1.3,1.8,1.9
,3-Oct,7.31,1.7,7.23,7.31,7.43,7.28,7.3,1.9,1.6,1.3,1.8,1.8
,10-Oct,7.26,1.7,7.17,7.27,7.38,7.23,7.23,2,1.7,1.3,1.9,1.8
,17-Oct,7.34,1.7,7.26,7.35,7.45,7.31,7.33,2,1.6,1.3,1.9,1.8
,24-Oct,7.35,1.8,7.28,7.38,7.46,7.3,7.31,2,1.6,1.4,1.9,1.9
,31-Oct,7.21,1.7,7.14,7.19,7.32,7.2,7.19,2,1.6,1.3,1.8,1.8
,7-Nov,7.24,1.7,7.14,7.26,7.36,7.22,7.23,2,1.6,1.3,1.9,1.8
,14-Nov,7.23,1.7,7.15,7.23,7.35,7.18,7.22,1.9,1.6,1.3,2,1.8
,21-Nov,7.18,1.7,7.11,7.2,7.28,7.15,7.16,2,1.6,1.3,1.9,1.8
,28-Nov,7.17,1.8,7.09,7.18,7.26,7.14,7.16,2,1.6,1.4,1.9,1.9
,5-Dec,7.15,1.8,7.08,7.16,7.24,7.13,7.14,2,1.7,1.4,1.9,1.9
,12-Dec,7.17,1.8,7.11,7.19,7.24,7.16,7.13,2,1.7,1.5,1.9,2
,19-Dec,7.07,1.8,7.02,7.07,7.16,7.07,7.05,2,1.7,1.5,1.9,1.9
,26-Dec,6.99,1.8,6.95,7.01,7.08,6.98,6.95,2,1.6,1.4,1.9,1.8
1998,2-Jan,7.03,1.8,6.95,7.07,7.12,7.02,6.98,2,1.6,1.4,1.9,2
,9-Jan,6.94,1.4,6.9,6.89,6.99,6.92,6.97,1.6,1.6,1.2,1.5,1.4
,16-Jan,6.89,1.3,6.85,6.86,6.95,6.91,6.9,1.5,1.4,1.1,1.3,1.3
,23-Jan,6.99,1.2,6.93,6.95,7.08,7.01,6.99,1.2,1.4,1,1.2,1.3
,30-Jan,7.12,1.2,7.03,7.07,7.23,7.13,7.11,1.4,1.3,0.9,1.1,1.3
,6-Feb,7.03,1.2,6.92,6.99,7.14,7.08,7.02,1.6,1.3,0.9,1,1.3
,13-Feb,7.06,1.3,6.96,7.01,7.15,7.12,7.06,1.5,1.4,1,1,1.3
,20-Feb,6.99,1.2,6.89,6.95,7.09,7.04,7,1.5,1.3,0.9,1.1,1.3
,28-Feb,7.09,1.2,6.98,7.06,7.19,7.17,7.07,1.5,1.3,0.9,1,1.3
,6-Mar,7.19,1.2,7.11,7.14,7.27,7.23,7.18,1.3,1.3,0.9,1,1.2
,13-Mar,7.16,1.2,7.11,7.09,7.26,7.21,7.15,1.4,1.3,0.9,1.1,1.3
,20-Mar,7.08,1.1,7.04,7.03,7.18,7.09,7.06,1.1,1.1,0.8,1.1,1.2
,27-Mar,7.08,1.1,7.05,7.03,7.2,7.09,7.05,1.1,1.2,0.8,1,1.2
,3-Apr,7.15,1.1,7.08,7.1,7.25,7.18,7.13,1.3,1.2,0.8,1,1.2
,10-Apr,7.09,1,7.03,7.04,7.19,7.11,7.07,1.1,1.1,0.7,0.8,1.1
,17-Apr,7.17,1,7.12,7.11,7.27,7.22,7.13,1.2,1.2,0.8,0.8,1.1
,24-Apr,7.15,1,7.05,7.15,7.27,7.2,7.1,1.3,1,0.8,0.9,1.1
,1-May,7.22,1.1,7.11,7.23,7.32,7.27,7.17,1.4,1,0.8,0.9,1.3
,8-May,7.14,1.1,7.09,7.14,7.22,7.17,7.11,1.3,1.1,0.8,1,1.2
,15-May,7.19,1.1,7.09,7.21,7.27,7.21,7.17,1.3,1,0.8,1,1.2
,22-May,7.1,1,7.04,7.1,7.18,7.13,7.06,1.2,1,0.8,1,1.2
,29-May,7.07,1,7.02,7.04,7.17,7.08,7.03,1.2,1,0.7,1,1.1
,5-Jun,7.05,1,6.98,7.02,7.15,7.09,7,1.2,1,0.7,0.9,1.2
,12-Jun,7.04,1,6.99,7.02,7.13,7.05,7.01,1.2,1,0.7,0.9,1.1
,19-Jun,6.94,1,6.92,6.94,7.03,6.94,6.9,1.2,1,0.8,1,1.2
,26-Jun,6.96,1,6.92,6.96,7.05,6.94,6.93,1.2,1,0.7,1.1,1.2
,3-Jul,6.98,1,6.94,6.97,7.07,6.95,6.95,1.2,1,0.7,1.1,1.2
,10-Jul,6.91,1.1,6.86,6.91,6.99,6.9,6.88,1.3,1,0.7,1,1.2
,17-Jul,6.94,1.1,6.9,6.92,7.03,6.9,6.91,1.2,1,0.7,1.2,1.3
,24-Jul,6.96,1.1,6.9,6.96,7.04,6.94,6.93,1.3,1,0.8,1.2,1.3
,31-Jul,6.97,1.1,6.92,6.99,7.06,6.95,6.92,1.3,1,0.8,1.2,1.3
,7-Aug,6.94,1.1,6.9,6.95,7.02,6.93,6.89,1.2,0.9,0.8,1.1,1.2
,14-Aug,6.91,1.1,6.87,6.92,6.99,6.91,6.88,1.2,1,0.8,1.1,1.3
,21-Aug,6.92,1.1,6.89,6.96,6.98,6.92,6.88,1.3,0.9,0.8,1.2,1.2
,28-Aug,6.92,1.1,6.92,6.95,6.97,6.92,6.88,1.2,1,0.8,1.1,1.2
,4-Sep,6.82,1,6.8,6.8,6.9,6.81,6.79,1,1,0.7,1.1,1.2
,11-Sep,6.77,1,6.74,6.76,6.88,6.73,6.71,1.1,1,0.7,1.2,1.1
,18-Sep,6.66,0.9,6.68,6.61,6.78,6.61,6.6,1,0.9,0.6,1.1,1
,25-Sep,6.64,1,6.64,6.65,6.72,6.57,6.61,1.1,0.9,0.7,1.1,1
,2-Oct,6.6,1,6.65,6.58,6.68,6.55,6.54,1,0.9,0.7,1,1.2
,9-Oct,6.49,1,6.49,6.47,6.59,6.46,6.42,1.1,0.9,0.7,1,1.1
,16-Oct,6.9,0.9,6.83,6.95,7.01,6.9,6.84,1,0.8,0.7,1,1.1
,23-Oct,6.73,0.9,6.68,6.77,6.8,6.69,6.69,1,0.8,0.7,1,1.1
,30-Oct,6.83,0.9,6.8,6.84,6.93,6.81,6.78,1,0.8,0.7,1,1.1
,6-Nov,6.89,0.9,6.85,6.9,6.96,6.87,6.86,1.1,0.8,0.7,1,1.1
,13-Nov,6.93,1,6.89,6.94,7.02,6.92,6.91,1.1,0.9,0.7,1,1.1
,20-Nov,6.86,0.9,6.84,6.87,6.95,6.85,6.82,1,0.8,0.7,0.9,1.1
,27-Nov,6.78,0.9,6.8,6.77,6.83,6.74,6.73,0.9,0.8,0.7,1,1
,4-Dec,6.71,0.9,6.7,6.72,6.79,6.68,6.66,1.1,0.7,0.7,1,1.1
,11-Dec,6.69,0.9,6.7,6.71,6.76,6.66,6.63,1,0.9,0.7,1,1.1
,18-Dec,6.69,1,6.67,6.72,6.75,6.68,6.63,1.1,0.9,0.8,0.9,1.1
,25-Dec,6.77,1,6.74,6.8,6.81,6.79,6.73,1.1,0.9,0.8,1,1.1
,31-Dec,6.83,1,6.78,6.85,6.92,6.85,6.79,1.1,0.9,0.8,1,1.2
1999,8-Jan,6.79,0.9,6.75,6.79,6.88,6.78,6.77,1.1,0.9,0.7,1,1
,15-Jan,6.83,1,6.78,6.84,6.92,6.83,6.78,1,1,0.8,1,1.1
,22-Jan,6.78,0.9,6.76,6.79,6.83,6.8,6.76,1,1,0.8,0.9,1
,29-Jan,6.74,0.9,6.73,6.73,6.78,6.73,6.7,1,1,0.8,0.9,1
,5-Feb,6.75,1,6.74,6.74,6.8,6.74,6.73,1,1,0.8,1,1.1
,12-Feb,6.77,1,6.78,6.74,6.85,6.69,6.73,0.9,1.1,0.8,1.2,1.1
,19-Feb,6.82,1,6.78,6.82,6.89,6.82,6.79,1.2,1,0.9,1,1.1
,26-Feb,6.89,1,6.83,6.85,6.94,6.89,6.91,1.2,1.1,0.8,1,1
,5-Mar,7.06,1,7.04,7.08,7.1,7.06,7.04,1.2,1,0.8,0.9,1.1
,12-Mar,7.11,0.8,7.02,7.13,7.17,7.16,7.1,0.8,0.9,0.9,0.5,0.7
,19-Mar,7.01,0.9,6.95,7.06,7.05,7.07,6.98,1,0.9,0.7,0.7,1.1
,26-Mar,6.98,0.9,6.92,7,7.04,6.99,6.96,0.9,0.9,0.6,1,1.1
,2-Apr,6.98,0.9,6.92,6.98,7.04,7.04,6.94,1,0.9,0.8,0.8,1.1
,9-Apr,6.92,1,6.88,6.87,6.99,6.94,6.92,1,1,0.8,0.9,1
,16-Apr,6.87,1,6.82,6.84,6.92,6.89,6.86,1.1,1.1,0.8,0.8,1.1
,23-Apr,6.88,1,6.85,6.9,6.94,6.91,6.84,1,1,0.8,0.9,1.1
,30-Apr,6.93,1,6.9,6.94,6.99,6.92,6.9,1,1,0.8,0.9,1.1
,7-May,7.02,1,6.99,7.04,7.06,7.02,7.01,1,0.9,0.9,0.9,1.2
,14-May,7.1,1,7.09,7.13,7.15,7.11,7.05,0.9,1.1,0.8,1.1,1.2
,21-May,7.23,1,7.19,7.27,7.29,7.21,7.2,1,1,0.9,1,1
,28-May,7.23,1,7.19,7.23,7.28,7.21,7.24,1,1,0.8,1,1
,4-Jun,7.41,1,7.39,7.43,7.43,7.39,7.4,1,1,0.9,0.9,1.1
,11-Jun,7.51,1,7.49,7.51,7.54,7.47,7.51,1,1,0.8,1,1
,18-Jun,7.65,1,7.61,7.66,7.69,7.63,7.64,1.2,1.1,0.8,0.9,1
,25-Jun,7.63,1,7.54,7.66,7.68,7.63,7.64,1.2,0.9,0.8,1,1
,2-Jul,7.71,1,7.65,7.7,7.77,7.71,7.7,1.1,1.1,0.8,0.9,1.1
,9-Jul,7.65,1,7.6,7.65,7.7,7.68,7.63,1.1,1,0.8,1,1.2
,16-Jul,7.58,1,7.53,7.58,7.61,7.65,7.56,1.1,0.9,0.9,0.9,1
,23-Jul,7.52,1,7.5,7.5,7.59,7.58,7.47,1.1,0.9,0.7,0.9,1.2
,30-Jul,7.7,1,7.65,7.73,7.77,7.68,7.66,1.2,0.9,0.8,0.9,1.1
,6-Aug,7.89,1,7.83,7.91,7.93,7.9,7.89,1.3,1,0.8,0.9,1.1
,13-Aug,8.15,1,8.1,8.22,8.21,8.18,8.09,1.1,1,0.8,0.9,1.1
,20-Aug,7.93,1,7.85,7.89,7.93,8.02,7.97,1.2,1,0.8,0.9,1.1
,27-Aug,7.8,1,7.81,7.79,7.83,7.83,7.76,1,1.1,0.8,0.9,1.1
,3-Sep,7.83,0.9,7.8,7.85,7.9,7.86,7.77,1.1,1,0.8,0.9,1
,10-Sep,7.88,1,7.83,7.91,7.91,7.9,7.86,1.1,1,0.8,0.9,1
,17-Sep,7.82,1,7.78,7.81,7.87,7.85,7.82,1.1,1,0.9,0.9,1.2
,24-Sep,7.76,1,7.73,7.76,7.78,7.77,7.75,1,1.1,0.9,0.9,1.1
,1-Oct,7.7,1,7.68,7.7,7.72,7.73,7.68,1,1,0.7,0.9,1.1
,8-Oct,7.82,1,7.76,7.81,7.88,7.83,7.82,1,1,0.8,0.9,1.1
,15-Oct,7.85,1,7.77,7.89,7.9,7.88,7.84,1.1,1,0.8,1,1.2
,22-Oct,7.93,1,7.86,7.94,7.97,7.93,7.95,1.1,1,0.9,1,1
,29-Oct,7.96,1,7.9,7.99,8.02,7.95,7.96,1,1,0.9,1,1.1
,5-Nov,7.84,1,7.81,7.85,7.87,7.86,7.82,1,1,0.8,0.9,1.1
,12-Nov,7.67,1,7.61,7.67,7.7,7.71,7.69,1.3,1,0.8,1,1.1
,19-Nov,7.69,1,7.71,7.68,7.69,7.69,7.68,0.9,1.1,0.8,1,1.1
,26-Nov,7.75,1,7.73,7.8,7.76,7.76,7.72,1,1,0.9,1,1.1
,3-Dec,7.84,1,7.79,7.88,7.89,7.84,7.83,1,1,0.9,0.9,1.1
,10-Dec,7.84,1,7.84,7.87,7.81,7.86,7.84,1,0.9,0.9,1,1.1
,17-Dec,7.86,1,7.83,7.9,7.84,7.86,7.87,1.1,0.9,1,0.9,1
,24-Dec,7.96,1,7.91,8.02,7.98,7.95,7.96,1,1,0.9,0.9,1.1
,31-Dec,8.06,1,7.98,8.11,8.08,8.09,8.06,1.1,0.9,0.9,0.9,1.1
2000,7-Jan,8.15,1,8.11,8.17,8.16,8.16,8.14,1.1,0.9,0.9,1,1
,14-Jan,8.18,1,8.15,8.21,8.21,8.19,8.16,1.1,0.9,0.9,0.9,1.1
,21-Jan,8.26,1,8.21,8.29,8.27,8.31,8.26,1.1,1,0.9,0.9,1.2
,28-Jan,8.25,1,8.18,8.3,8.26,8.29,8.27,1.1,0.9,0.9,0.9,1.2
,4-Feb,8.25,1,8.24,8.29,8.3,8.23,8.21,1.1,0.9,0.8,1,1.2
,11-Feb,8.36,1,8.31,8.37,8.43,8.36,8.34,1.1,0.9,0.8,0.8,1.1
,18-Feb,8.38,0.9,8.4,8.38,8.39,8.37,8.38,0.9,0.9,0.8,0.9,1.1
,25-Feb,8.31,1,8.3,8.34,8.31,8.33,8.3,1,0.9,0.8,0.9,1.1
,3-Mar,8.27,1,8.26,8.29,8.29,8.27,8.26,1.1,0.9,0.8,0.9,1.1
,10-Mar,8.23,0.9,8.21,8.27,8.22,8.24,8.24,0.9,0.9,0.8,0.9,1
,17-Mar,8.24,1,8.23,8.24,8.24,8.21,8.24,0.9,1,0.9,0.8,1.1
,24-Mar,8.23,1,8.21,8.23,8.24,8.19,8.25,1,0.9,0.9,0.9,1
,31-Mar,8.23,1,8.21,8.28,8.26,8.18,8.22,1,0.9,0.9,0.9,1.1
,7-Apr,8.2,1,8.19,8.2,8.21,8.19,8.22,1,1,0.8,1,1
,14-Apr,8.12,0.9,8.1,8.14,8.13,8.14,8.08,1,0.9,0.8,0.9,1
,21-Apr,8.16,1,8.14,8.14,8.18,8.17,8.18,1,1,0.8,0.9,1.1
,28-Apr,8.13,1,8.12,8.11,8.14,8.13,8.15,1.1,0.9,0.8,0.9,1
,5-May,8.28,1,8.24,8.27,8.31,8.3,8.27,1,1,0.8,0.8,1.1
,12-May,8.52,1,8.48,8.55,8.56,8.5,8.53,1.1,1,0.8,1,1
,19-May,8.64,1,8.59,8.63,8.66,8.66,8.67,1.1,1,0.9,0.9,1
,26-May,8.62,1,8.55,8.63,8.64,8.66,8.63,1.1,0.9,0.8,0.9,1.1
,2-Jun,8.54,0.9,8.5,8.54,8.55,8.56,8.55,1,0.8,0.9,0.9,1.1
,9-Jun,8.32,0.9,8.28,8.3,8.31,8.36,8.37,1,0.9,0.8,0.9,1.1
,16-Jun,8.22,1,8.18,8.23,8.27,8.23,8.2,1,0.9,0.8,0.9,1.1
,23-Jun,8.14,1,8.1,8.12,8.19,8.15,8.12,1.1,1,0.8,1,1.1
,30-Jun,8.22,0.9,8.21,8.23,8.24,8.21,8.19,1,0.9,0.8,0.9,1
,7-Jul,8.16,1,8.13,8.17,8.16,8.22,8.16,1.1,0.9,0.9,1,1
,14-Jul,8.09,0.9,8.06,8.07,8.12,8.15,8.15,1.1,0.9,0.8,0.8,1
,21-Jul,8.21,0.9,8.16,8.24,8.26,8.21,8.2,1.1,0.8,0.7,0.8,1
,28-Jul,8.13,0.9,8.1,8.11,8.15,8.16,8.13,1.1,0.9,0.7,0.8,0.9
,4-Aug,8.12,1,8.07,8.17,8.14,8.15,8.11,1.1,0.9,0.8,0.9,1.1
,11-Aug,8.04,0.9,8,8.05,8.05,8.01,8.07,1,0.9,0.8,0.9,1
,18-Aug,7.96,1,7.94,7.92,7.98,7.97,7.98,1,1,0.9,1,1.1
,25-Aug,7.99,1,7.96,7.97,7.99,7.99,8.01,1,0.9,0.9,0.9,1.1
,1-Sep,7.96,1,7.89,7.96,8.03,7.96,7.96,1.2,0.9,0.8,1,1.2
,8-Sep,7.94,1,7.88,7.96,7.96,7.95,7.96,1.1,0.9,0.8,1,1.1
,15-Sep,7.88,1,7.83,7.91,7.9,7.89,7.89,1.2,0.9,0.8,0.9,1.1
,22-Sep,7.9,1,7.83,7.94,7.96,7.87,7.9,1.1,0.9,0.8,0.9,1.1
,29-Sep,7.88,1,7.81,7.93,7.91,7.9,7.88,1.1,0.9,0.8,0.9,1
,6-Oct,7.83,1,7.78,7.83,7.87,7.86,7.82,1.1,0.9,0.8,0.9,1
,13-Oct,7.84,1,7.78,7.87,7.87,7.82,7.86,1.2,0.9,0.9,0.9,1.1
,20-Oct,7.83,0.9,7.76,7.82,7.86,7.84,7.86,1,0.9,0.8,0.8,1
,27-Oct,7.68,1,7.64,7.71,7.7,7.72,7.66,1.1,0.9,0.9,0.9,1
,3-Nov,7.73,0.9,7.7,7.79,7.8,7.72,7.67,0.9,0.8,0.7,0.9,1.1
,10-Nov,7.79,0.9,7.71,7.81,7.83,7.8,7.81,1,0.9,0.8,0.9,0.9
,17-Nov,7.73,0.9,7.7,7.72,7.8,7.73,7.71,1,0.9,0.8,0.9,1
,24-Nov,7.73,0.9,7.69,7.75,7.77,7.78,7.71,0.9,0.8,0.8,0.8,1
,1-Dec,7.65,0.9,7.64,7.65,7.69,7.63,7.65,0.9,0.8,0.8,0.9,0.9
,8-Dec,7.54,1,7.52,7.53,7.58,7.55,7.54,1.2,0.8,0.8,0.9,1
,15-Dec,7.42,0.9,7.39,7.44,7.43,7.43,7.41,1.1,0.8,0.9,0.9,0.9
,22-Dec,7.17,1,7.14,7.18,7.22,7.21,7.13,1.1,0.9,0.9,0.9,1
,29-Dec,7.13,1,7.13,7.16,7.18,7.13,7.08,1.1,0.8,0.9,0.8,1.1
2001,5-Jan,7.07,1,7.08,7.03,7.1,7.04,7.08,1.1,0.9,0.9,0.9,0.9
,12-Jan,6.89,0.9,6.89,6.91,6.91,6.85,6.89,1,0.8,0.9,0.7,1
,19-Jan,7.02,0.9,7,7.06,7.06,6.97,6.98,1,0.8,0.9,0.8,1
,26-Jan,7.15,0.8,7.15,7.12,7.18,7.19,7.12,0.9,0.8,0.7,0.8,0.9
,2-Feb,7.09,1,7.01,7.09,7.13,7.1,7.11,1.2,0.8,0.9,0.9,1
,9-Feb,6.98,1,6.93,7.02,7.03,6.95,6.97,1.1,0.9,0.8,0.9,1
,16-Feb,7.01,0.9,6.96,7.02,7.02,6.98,7.06,1,0.9,0.9,0.9,0.9
,23-Feb,7.12,0.9,7.05,7.11,7.13,7.13,7.19,1,0.9,0.8,0.8,0.8
,2-Mar,7.03,0.9,6.97,7.01,7.05,7,7.09,1.1,0.9,0.9,0.8,1
,9-Mar,6.97,0.9,6.9,6.99,7.05,6.93,6.98,1.1,0.8,0.8,0.9,0.9
,16-Mar,6.96,0.9,6.88,6.98,7.03,6.89,6.98,1.1,0.9,0.8,0.9,1
,23-Mar,6.89,1,6.85,6.9,6.95,6.81,6.92,1.1,0.9,0.8,0.9,1
,30-Mar,6.91,0.9,6.88,6.95,6.99,6.83,6.89,1,0.9,0.8,0.9,1
,6-Apr,7.01,0.9,7.03,6.98,7.02,6.99,7.03,1,0.9,0.8,0.9,1
,13-Apr,7.04,0.8,7.05,7.02,7.07,7.01,7.06,1,0.8,0.7,0.8,0.9
,20-Apr,7.14,0.9,7.09,7.11,7.23,7.07,7.15,1,1,0.7,1,0.9
,27-Apr,7.12,1,7.08,7.05,7.18,7.1,7.14,1.1,1,0.8,0.9,1
,4-May,7.14,0.9,7.15,7.11,7.16,7.1,7.14,1,0.9,0.8,0.9,1
,11-May,7.1,0.9,7.09,7.06,7.11,7.08,7.15,1.1,1,0.8,0.8,1
,18-May,7.14,1,7.14,7.14,7.18,7.11,7.14,1.1,1,0.8,0.9,1
,25-May,7.2,1,7.21,7.17,7.2,7.16,7.24,1,1.1,0.9,0.9,1
,1-Jun,7.24,0.9,7.2,7.23,7.27,7.2,7.26,1.1,0.9,0.9,0.9,0.9
,8-Jun,7.2,1,7.2,7.16,7.22,7.18,7.21,1,0.9,0.8,0.9,1.1
,15-Jun,7.14,0.9,7.18,7.08,7.16,7.07,7.15,1.1,0.9,0.8,0.9,1
,22-Jun,7.11,1,7.14,7.09,7.14,7.05,7.09,1,1,0.9,0.9,1.1
,29-Jun,7.11,1,7.1,7.1,7.15,7.07,7.1,1,0.9,0.8,1,1
,6-Jul,7.19,0.9,7.16,7.19,7.23,7.14,7.19,1,0.9,0.8,0.9,1
,13-Jul,7.21,0.9,7.21,7.18,7.28,7.16,7.21,0.9,1,0.7,0.9,1
,20-Jul,7.08,0.9,7.06,7.08,7.11,7.07,7.09,1,1,0.6,0.9,1
,27-Jul,7.03,0.9,7.05,7.02,7.03,6.98,7.05,1,0.9,0.7,0.9,1
,3-Aug,7,0.9,6.99,6.98,7.03,6.96,7,1,0.9,0.7,1,1
,10-Aug,7,0.9,6.98,6.97,7.06,6.96,6.99,1,0.9,0.6,1,0.9
,17-Aug,6.92,0.9,6.91,6.89,6.97,6.88,6.91,1,0.9,0.7,1,0.9
,24-Aug,6.91,0.9,6.89,6.89,6.99,6.88,6.9,1,1,0.6,1,1
,31-Aug,6.92,0.9,6.93,6.87,6.99,6.84,6.91,0.9,0.9,0.7,0.9,1
,7-Sep,6.89,0.9,6.92,6.87,6.92,6.85,6.88,0.8,1,0.8,0.9,1
,14-Sep,6.86,0.9,6.86,6.85,6.88,6.84,6.87,0.9,0.9,0.6,0.9,0.9
,21-Sep,6.8,0.9,6.82,6.74,6.8,6.77,6.84,0.9,1,0.7,1,0.9
,28-Sep,6.72,0.9,6.77,6.67,6.72,6.71,6.73,0.9,0.9,0.7,0.8,1
,5-Oct,6.64,0.8,6.7,6.57,6.69,6.59,6.62,0.8,0.9,0.6,0.9,0.8
,12-Oct,6.58,0.9,6.64,6.54,6.62,6.54,6.57,0.8,1,0.7,0.9,0.9
,19-Oct,6.61,0.9,6.66,6.59,6.64,6.57,6.63,0.9,1,0.8,0.9,0.9
,26-Oct,6.64,0.8,6.67,6.6,6.68,6.59,6.67,0.9,0.9,0.7,0.8,0.7
,2-Nov,6.56,0.9,6.6,6.5,6.6,6.52,6.57,0.8,1,0.7,0.8,0.9
,9-Nov,6.45,0.8,6.54,6.42,6.52,6.39,6.39,0.7,0.9,0.8,0.8,0.9
,16-Nov,6.51,0.8,6.61,6.49,6.53,6.41,6.51,0.8,0.9,0.7,0.9,0.8
,23-Nov,6.75,0.8,6.72,6.72,6.87,6.73,6.73,0.9,0.9,0.6,0.9,0.9
,30-Nov,7.02,0.7,7.04,6.99,7.07,7.03,7.01,0.7,0.9,0.6,0.7,0.8
,7-Dec,6.84,0.7,6.84,6.85,6.92,6.8,6.84,0.8,0.8,0.4,0.8,0.9
,14-Dec,7.09,0.8,7.08,7.08,7.16,7.07,7.11,0.8,0.9,0.6,0.9,0.9
,21-Dec,7.17,0.7,7.15,7.14,7.26,7.15,7.17,0.8,0.9,0.5,0.7,0.8
,28-Dec,7.16,0.8,7.13,7.16,7.24,7.15,7.15,0.9,0.8,0.6,0.8,0.7
2002,4-Jan,7.14,0.8,7.14,7.12,7.23,7.12,7.13,0.9,0.8,0.5,0.8,0.9
,11-Jan,7.06,0.8,7.08,7.02,7.14,7.05,7.04,0.8,0.9,0.5,0.7,0.9
,18-Jan,6.83,0.7,6.85,6.81,6.92,6.81,6.8,0.9,0.8,0.4,0.7,0.8
,25-Jan,6.96,0.7,7.01,6.95,7.03,6.93,6.94,0.7,0.8,0.5,0.7,0.8
,1-Feb,7.02,0.7,7.04,6.98,7.11,7.01,6.99,0.7,0.8,0.4,0.6,0.8
,8-Feb,6.88,0.7,6.91,6.86,6.95,6.87,6.85,0.7,0.8,0.4,0.6,0.8
,15-Feb,6.86,0.7,6.88,6.85,6.93,6.83,6.84,0.7,0.7,0.5,0.7,0.8
,22-Feb,6.81,0.7,6.85,6.8,6.87,6.78,6.78,0.6,0.8,0.4,0.8,0.9
,1-Mar,6.8,0.7,6.84,6.8,6.82,6.8,6.78,0.6,0.8,0.5,0.6,0.8
,8-Mar,6.87,0.7,6.85,6.89,6.93,6.83,6.87,0.8,0.7,0.4,0.7,0.8
,15-Mar,7.08,0.7,7.05,7.07,7.13,7.09,7.08,0.8,0.9,0.4,0.8,0.8
,22-Mar,7.14,0.7,7.13,7.16,7.18,7.11,7.13,0.7,0.8,0.5,0.8,0.8
,29-Mar,7.18,0.7,7.18,7.18,7.24,7.19,7.18,0.7,0.8,0.3,0.6,0.8
,5-Apr,7.13,0.7,7.15,7.12,7.16,7.1,7.13,0.6,0.8,0.5,0.8,0.9
,12-Apr,6.99,0.8,7.01,6.98,7.07,6.96,6.94,0.7,0.9,0.4,0.8,1
,19-Apr,6.94,0.7,7,6.92,7,6.92,6.89,0.5,0.8,0.4,0.7,0.9
,26-Apr,6.88,0.7,6.9,6.85,6.95,6.89,6.83,0.7,0.9,0.5,0.7,0.9
,3-May,6.78,0.7,6.8,6.77,6.87,6.77,6.74,0.7,0.8,0.4,0.8,0.9
,10-May,6.79,0.7,6.81,6.77,6.87,6.82,6.74,0.7,0.8,0.5,0.7,1
,17-May,6.89,0.7,6.92,6.86,6.93,6.89,6.86,0.6,0.9,0.5,0.9,0.9
,24-May,6.81,0.7,6.82,6.79,6.91,6.78,6.78,0.7,0.8,0.4,0.7,0.9
,31-May,6.76,0.8,6.79,6.75,6.82,6.76,6.71,0.8,0.8,0.6,0.8,1
,7-Jun,6.71,0.7,6.73,6.67,6.79,6.73,6.69,0.7,0.8,0.4,0.6,0.8
,14-Jun,6.71,0.7,6.73,6.67,6.8,6.69,6.7,0.7,0.8,0.4,0.6,0.8
,21-Jun,6.63,0.5,6.64,6.62,6.7,6.62,6.6,0.5,0.5,0.2,0.5,0.7
,28-Jun,6.55,0.5,6.58,6.53,6.62,6.53,6.52,0.5,0.7,0.2,0.5,0.7
,5-Jul,6.57,0.5,6.61,6.52,6.64,6.6,6.51,0.5,0.6,0.4,0.5,0.7
,12-Jul,6.54,0.5,6.57,6.53,6.63,6.48,6.52,0.6,0.5,0.3,0.5,0.6
,19-Jul,6.49,0.6,6.55,6.49,6.56,6.47,6.43,0.6,0.6,0.3,0.5,0.8
,26-Jul,6.34,0.6,6.39,6.31,6.41,6.33,6.29,0.6,0.7,0.3,0.6,0.8
,2-Aug,6.43,0.6,6.48,6.4,6.54,6.41,6.37,0.5,0.7,0.2,0.6,0.8
,9-Aug,6.31,0.6,6.36,6.3,6.4,6.25,6.24,0.5,0.7,0.4,0.7,0.9
,16-Aug,6.22,0.6,6.25,6.19,6.32,6.21,6.16,0.5,0.6,0.3,0.6,0.8
,23-Aug,6.27,0.7,6.27,6.27,6.39,6.26,6.22,0.7,0.8,0.4,0.7,1
,30-Aug,6.22,0.7,6.24,6.21,6.34,6.2,6.17,0.7,0.9,0.4,0.8,0.9
,6-Sep,6.15,0.6,6.18,6.18,6.24,6.09,6.05,0.7,0.6,0.2,0.7,0.8
,13-Sep,6.18,0.6,6.2,6.21,6.29,6.13,6.09,0.6,0.6,0.3,0.8,0.8
,20-Sep,6.05,0.7,6.09,6.01,6.18,6.01,5.99,0.6,0.8,0.4,0.8,0.9
,27-Sep,5.99,0.6,6.04,5.93,6.13,5.95,5.88,0.6,0.7,0.3,0.7,0.9
,4-Oct,6.01,0.5,6.03,5.98,6.1,6,5.95,0.5,0.7,0.3,0.5,0.7
,11-Oct,5.98,0.6,6.07,5.95,6.08,5.89,5.89,0.4,0.6,0.3,0.7,0.8
,18-Oct,6.15,0.5,6.16,6.15,6.22,6.13,6.12,0.4,0.6,0.3,0.5,0.8
,25-Oct,6.31,0.6,6.34,6.3,6.38,6.28,6.28,0.5,0.7,0.4,0.6,0.9
,1-Nov,6.13,0.6,6.17,6.08,6.25,6.05,6.06,0.5,0.7,0.6,0.6,0.7
,8-Nov,6.11,0.6,6.16,6.07,6.23,6.05,6.03,0.5,0.7,0.4,0.6,0.9
,15-Nov,5.94,0.6,6.02,5.92,6.01,5.89,5.86,0.5,0.7,0.4,0.6,0.8
,22-Nov,6.03,0.6,6.08,5.99,6.13,5.96,5.96,0.3,0.7,0.3,0.6,0.8
,29-Nov,6.13,0.6,6.19,6.1,6.23,6.06,6.06,0.3,0.7,0.3,0.7,0.8
,6-Dec,6.19,0.5,6.18,6.16,6.3,6.16,6.15,0.4,0.6,0.3,0.6,0.8
,13-Dec,6.04,0.5,6.11,6.01,6.13,6,5.96,0.3,0.6,0.3,0.5,0.8
,20-Dec,6.03,0.6,6.09,5.98,6.13,5.96,5.97,0.5,0.8,0.4,0.7,0.8
,27-Dec,5.93,0.6,5.99,5.95,6.01,5.9,5.83,0.4,0.7,0.3,0.5,0.9
2003,3-Jan,5.85,0.6,5.88,5.89,5.94,5.84,5.76,0.7,0.6,0.4,0.5,0.8
,10-Jan,5.95,0.5,5.98,5.93,6.06,5.9,5.89,0.5,0.6,0.3,0.5,0.8
,17-Jan,5.97,0.6,5.98,5.95,6.07,5.93,5.93,0.6,0.7,0.3,0.6,0.8
,24-Jan,5.91,0.6,5.95,5.89,6,5.86,5.85,0.5,0.7,0.4,0.6,0.9
,31-Jan,5.9,0.6,5.94,5.88,6,5.86,5.83,0.5,0.6,0.3,0.6,0.9
,7-Feb,5.88,0.7,5.9,5.86,5.96,5.83,5.82,0.6,0.7,0.4,0.7,0.9
,14-Feb,5.86,0.6,5.91,5.82,5.95,5.83,5.79,0.5,0.6,0.3,0.5,0.8
,21-Feb,5.84,0.6,5.88,5.82,5.94,5.77,5.78,0.5,0.6,0.4,0.6,0.9
,28-Feb,5.79,0.6,5.86,5.74,5.87,5.71,5.73,0.4,0.6,0.3,0.7,0.9
,7-Mar,5.67,0.6,5.75,5.62,5.76,5.64,5.6,0.4,0.7,0.4,0.5,0.9
,14-Mar,5.61,0.6,5.64,5.6,5.71,5.57,5.54,0.5,0.7,0.3,0.5,0.8
,21-Mar,5.79,0.6,5.82,5.79,5.86,5.8,5.72,0.4,0.7,0.4,0.6,0.9
,28-Mar,5.91,0.6,5.93,5.86,6.02,5.87,5.84,0.3,0.6,0.3,0.6,0.9
,4-Apr,5.79,0.6,5.84,5.76,5.87,5.77,5.71,0.4,0.6,0.3,0.6,0.9
,11-Apr,5.85,0.6,5.86,5.81,5.95,5.84,5.77,0.5,0.7,0.4,0.5,0.9
,18-Apr,5.82,0.6,5.86,5.79,5.9,5.79,5.75,0.4,0.6,0.4,0.6,0.8
,25-Apr,5.79,0.6,5.83,5.79,5.88,5.74,5.71,0.4,0.7,0.4,0.7,0.8
,2-May,5.7,0.6,5.77,5.68,5.78,5.65,5.61,0.5,0.8,0.4,0.6,0.8
,9-May,5.62,0.7,5.71,5.56,5.71,5.56,5.53,0.4,0.9,0.4,0.8,0.9
,16-May,5.45,0.6,5.53,5.43,5.51,5.44,5.37,0.6,0.7,0.4,0.6,0.9
,23-May,5.34,0.7,5.46,5.3,5.4,5.27,5.26,0.4,0.7,0.4,0.8,0.9
,30-May,5.31,0.6,5.45,5.29,5.36,5.23,5.22,0.3,0.5,0.4,0.6,1
,6-Jun,5.26,0.5,5.34,5.2,5.37,5.19,5.18,0.4,0.6,0.3,0.5,0.7
,13-Jun,5.21,0.5,5.27,5.16,5.3,5.15,5.15,0.5,0.5,0.3,0.5,0.7
,20-Jun,5.21,0.6,5.28,5.17,5.3,5.19,5.13,0.5,0.7,0.3,0.6,0.8
,27-Jun,5.24,0.6,5.28,5.24,5.31,5.24,5.17,0.5,0.6,0.3,0.5,0.8
,4-Jul,5.4,0.5,5.46,5.42,5.47,5.35,5.29,0.4,0.5,0.3,0.5,0.8
,11-Jul,5.52,0.6,5.52,5.52,5.62,5.51,5.46,0.5,0.7,0.3,0.6,0.8
,18-Jul,5.67,0.5,5.69,5.72,5.69,5.71,5.6,0.4,0.4,0.3,0.5,0.8
,25-Jul,5.94,0.4,6.02,5.94,5.97,5.87,5.87,0.2,0.5,0.3,0.5,0.6
,1-Aug,6.14,0.5,6.22,6.13,6.18,6.08,6.06,0.4,0.5,0.3,0.5,0.8
,8-Aug,6.34,0.7,6.31,6.33,6.44,6.31,6.3,0.6,0.6,0.5,0.7,1.1
,15-Aug,6.24,0.7,6.29,6.24,6.33,6.22,6.17,0.7,0.8,0.3,0.7,0.9
,22-Aug,6.28,0.8,6.25,6.28,6.4,6.24,6.22,0.7,0.8,0.4,0.8,1
,29-Aug,6.32,0.7,6.35,6.32,6.43,6.25,6.27,0.7,0.7,0.4,0.8,1
,5-Sep,6.44,0.6,6.43,6.45,6.49,6.42,6.4,0.5,0.6,0.4,0.6,0.8
,12-Sep,6.16,0.6,6.15,6.16,6.23,6.1,6.14,0.7,0.7,0.3,0.6,0.7
,19-Sep,6.01,0.5,6.05,6.03,6.04,5.99,5.98,0.4,0.5,0.4,0.5,0.8
,26-Sep,5.98,0.6,6.01,6,6.02,5.96,5.94,0.5,0.6,0.4,0.6,0.7
,3-Oct,5.77,0.6,5.81,5.75,5.81,5.81,5.72,0.5,0.7,0.5,0.5,0.8
,10-Oct,5.95,0.6,5.98,5.93,6.01,5.93,5.89,0.6,0.6,0.5,0.6,0.7
,17-Oct,6.05,0.5,6.09,6.04,6.07,6.06,6,0.3,0.5,0.5,0.6,0.7
,24-Oct,6.05,0.7,6.03,6.07,6.1,6.01,6.04,0.7,0.6,0.5,0.7,0.8
,31-Oct,5.94,0.6,5.9,5.98,6.01,5.94,5.92,0.6,0.5,0.5,0.6,0.8
,7-Nov,5.98,0.7,5.96,5.97,6.03,5.97,5.97,0.7,0.7,0.5,0.7,0.8
,14-Nov,6.03,0.6,6.01,6.05,6.04,6.02,6.03,0.7,0.5,0.5,0.7,0.7
,21-Nov,5.83,0.6,5.86,5.82,5.84,5.84,5.81,0.6,0.7,0.6,0.6,0.7
,28-Nov,5.89,0.6,5.88,5.87,5.94,5.86,5.88,0.6,0.7,0.4,0.7,0.7
,5-Dec,6.02,0.6,5.98,6.03,6.08,5.97,6.02,0.6,0.7,0.4,0.6,0.7
,12-Dec,5.88,0.7,5.89,5.85,5.91,5.9,5.86,0.7,0.7,0.5,0.6,0.8
,19-Dec,5.82,0.7,5.82,5.81,5.91,5.79,5.79,0.7,0.6,0.5,0.7,0.8
,26-Dec,5.81,0.7,5.8,5.77,5.88,5.78,5.8,0.7,0.6,0.5,0.6,0.8
,31-Dec,5.85,0.7,5.82,5.85,5.91,5.88,5.82,0.8,0.6,0.5,0.7,0.8
2004,8-Jan,5.87,0.7,5.83,5.87,5.96,5.86,5.85,0.7,0.6,0.5,0.6,0.9
,15-Jan,5.66,0.6,5.65,5.63,5.74,5.67,5.62,0.7,0.7,0.4,0.6,0.8
,22-Jan,5.64,0.6,5.62,5.63,5.71,5.65,5.61,0.7,0.7,0.4,0.6,0.8
,29-Jan,5.68,0.7,5.67,5.68,5.77,5.68,5.65,0.7,0.7,0.5,0.7,0.8
,5-Feb,5.72,0.6,5.71,5.72,5.78,5.71,5.69,0.6,0.7,0.5,0.6,0.7
,12-Feb,5.66,0.7,5.65,5.62,5.74,5.64,5.64,0.7,0.8,0.5,0.6,0.9
,19-Feb,5.58,0.6,5.56,5.53,5.65,5.59,5.57,0.7,0.8,0.5,0.5,0.7
,26-Feb,5.58,0.7,5.6,5.55,5.65,5.57,5.56,0.7,0.8,0.5,0.6,0.8
,4-Mar,5.59,0.7,5.58,5.54,5.66,5.61,5.57,0.7,0.8,0.4,0.6,0.9
,11-Mar,5.41,0.6,5.4,5.38,5.48,5.42,5.39,0.7,0.8,0.3,0.6,0.8
,18-Mar,5.38,0.7,5.36,5.35,5.46,5.38,5.35,0.7,0.9,0.3,0.7,0.8
,25-Mar,5.4,0.7,5.39,5.36,5.5,5.38,5.38,0.7,0.8,0.4,0.7,0.8
,1-Apr,5.52,0.6,5.47,5.49,5.63,5.53,5.5,0.6,0.7,0.4,0.6,0.8
,8-Apr,5.79,0.7,5.75,5.77,5.85,5.81,5.77,0.7,0.8,0.4,0.6,0.8
,15-Apr,5.89,0.6,5.88,5.88,5.91,5.93,5.86,0.7,0.8,0.4,0.6,0.7
,22-Apr,5.94,0.7,5.94,5.89,5.99,5.97,5.92,0.6,0.8,0.4,0.6,0.8
,29-Apr,6.01,0.7,5.99,5.98,6.06,6.02,5.99,0.6,0.8,0.4,0.6,0.8
,6-May,6.12,0.7,6.12,6.09,6.17,6.12,6.09,0.7,0.8,0.5,0.7,0.9
,13-May,6.34,0.7,6.32,6.3,6.46,6.32,6.29,0.7,0.8,0.3,0.7,0.9
,20-May,6.3,0.7,6.3,6.25,6.37,6.3,6.27,0.7,0.8,0.4,0.7,0.9
,27-May,6.32,0.6,6.32,6.25,6.39,6.31,6.31,0.5,0.7,0.4,0.6,0.7
,3-Jun,6.28,0.7,6.25,6.25,6.37,6.26,6.27,0.8,0.7,0.3,0.5,0.9
,10-Jun,6.3,0.7,6.28,6.24,6.42,6.32,6.27,0.7,0.7,0.4,0.5,0.9
,17-Jun,6.32,0.5,6.33,6.24,6.4,6.3,6.29,0.6,0.7,0.3,0.4,0.6
,24-Jun,6.25,0.6,6.2,6.22,6.34,6.26,6.24,0.7,0.6,0.3,0.5,0.7
,1-Jul,6.21,0.6,6.16,6.19,6.35,6.18,6.17,0.6,0.6,0.3,0.4,0.9
,8-Jul,6.01,0.6,6.03,5.96,6.1,6.02,5.97,0.6,0.7,0.3,0.4,0.7
,15-Jul,6,0.6,6.02,5.97,6.08,6,5.95,0.7,0.6,0.3,0.4,0.8
,22-Jul,5.98,0.6,6.01,5.91,6.1,5.97,5.92,0.5,0.6,0.4,0.5,0.9
,29-Jul,6.08,0.6,6.08,6.01,6.17,6.08,6.06,0.6,0.6,0.4,0.5,0.8
,5-Aug,5.99,0.7,6.02,5.92,6.08,5.95,5.94,0.6,0.7,0.4,0.6,0.9
,12-Aug,5.85,0.6,5.89,5.78,5.95,5.86,5.8,0.6,0.7,0.4,0.5,0.9
,19-Aug,5.81,0.7,5.81,5.73,5.93,5.81,5.76,0.7,0.7,0.4,0.5,0.8
,26-Aug,5.82,0.7,5.84,5.75,5.93,5.8,5.77,0.7,0.9,0.5,0.6,0.9
,2-Sep,5.77,0.8,5.8,5.71,5.89,5.74,5.72,0.7,1,0.4,0.6,1
,9-Sep,5.83,0.8,5.85,5.73,5.93,5.82,5.82,0.7,1.1,0.5,0.7,1
,16-Sep,5.75,0.8,5.74,5.64,5.85,5.73,5.74,0.8,1,0.4,0.7,0.9
,23-Sep,5.7,0.7,5.71,5.62,5.81,5.66,5.69,0.6,1,0.4,0.7,0.7
,30-Sep,5.72,0.6,5.75,5.65,5.8,5.71,5.7,0.6,0.9,0.4,0.4,0.8
,7-Oct,5.82,0.6,5.8,5.77,5.91,5.87,5.79,0.5,0.9,0.4,0.4,0.8
,14-Oct,5.74,0.6,5.75,5.66,5.86,5.72,5.72,0.5,1,0.3,0.5,0.8
,21-Oct,5.69,0.7,5.69,5.6,5.82,5.68,5.65,0.5,1,0.4,0.5,0.9
,28-Oct,5.64,0.7,5.63,5.57,5.71,5.64,5.64,0.7,0.9,0.4,0.7,0.9
,4-Nov,5.7,0.6,5.68,5.67,5.77,5.7,5.7,0.6,0.8,0.4,0.6,0.8
,11-Nov,5.76,0.7,5.74,5.67,5.84,5.78,5.76,0.5,1,0.5,0.4,0.8
,18-Nov,5.74,0.6,5.73,5.66,5.82,5.76,5.74,0.6,0.9,0.4,0.5,0.7
,24-Nov,5.72,0.6,5.75,5.63,5.78,5.74,5.7,0.6,0.9,0.4,0.5,0.6
,2-Dec,5.81,0.6,5.81,5.71,5.9,5.8,5.8,0.5,1,0.3,0.5,0.8
,9-Dec,5.71,0.7,5.71,5.61,5.83,5.68,5.69,0.6,1,0.3,0.6,0.7
,16-Dec,5.68,0.6,5.67,5.62,5.77,5.71,5.67,0.6,0.9,0.4,0.5,0.8
,22-Dec,5.75,0.6,5.77,5.66,5.79,5.8,5.74,0.5,0.9,0.4,0.4,0.7
,29-Dec,5.81,0.6,5.83,5.72,5.83,5.85,5.81,0.6,0.8,0.4,0.5,0.7
2005,6-Jan,5.77,0.7,5.78,5.69,5.78,5.82,5.79,0.7,0.9,0.6,0.6,0.7
,13-Jan,5.74,0.6,5.73,5.68,5.8,5.77,5.73,0.6,0.9,0.5,0.5,0.7
,20-Jan,5.67,0.7,5.66,5.61,5.71,5.71,5.66,0.6,0.8,0.5,0.6,1
,27-Jan,5.66,0.6,5.64,5.6,5.7,5.71,5.65,0.6,0.8,0.4,0.4,0.8
,3-Feb,5.63,0.7,5.64,5.6,5.67,5.66,5.61,0.6,0.8,0.5,0.6,0.9
,10-Feb,5.57,0.8,5.56,5.54,5.61,5.67,5.53,0.7,0.8,0.5,0.5,1.1
,17-Feb,5.62,0.7,5.61,5.57,5.64,5.71,5.6,0.6,0.9,0.5,0.7,0.9
,24-Feb,5.69,0.7,5.7,5.62,5.71,5.75,5.7,0.7,0.8,0.5,0.7,0.9
,3-Mar,5.79,0.7,5.78,5.74,5.88,5.78,5.77,0.7,0.8,0.4,0.7,0.7
,10-Mar,5.85,0.6,5.87,5.79,5.89,5.89,5.84,0.5,0.9,0.4,0.6,0.9
,17-Mar,5.95,0.7,5.95,5.88,6.06,5.93,5.92,0.6,0.8,0.3,0.6,0.9
,24-Mar,6.01,0.7,6.01,5.99,6.05,6.06,5.99,0.7,0.9,0.5,0.7,0.8
,31-Mar,6.04,0.7,6.05,5.98,6.13,6.03,6.02,0.7,0.9,0.5,0.8,0.8
,7-Apr,5.93,0.7,5.95,5.88,6.05,5.92,5.87,0.6,0.9,0.3,0.7,0.8
,14-Apr,5.91,0.7,5.94,5.8,6.07,5.87,5.84,0.6,0.9,0.4,0.6,0.9
,21-Apr,5.8,0.5,5.83,5.74,5.91,5.83,5.74,0.5,0.8,0.4,0.4,0.6
,28-Apr,5.78,0.6,5.79,5.69,5.91,5.79,5.72,0.6,0.8,0.3,0.6,0.6
,5-May,5.75,0.6,5.78,5.66,5.82,5.78,5.72,0.6,0.9,0.3,0.5,0.7
,12-May,5.77,0.5,5.82,5.7,5.87,5.76,5.72,0.4,0.6,0.4,0.6,0.7
,19-May,5.71,0.7,5.73,5.66,5.86,5.67,5.65,0.7,0.9,0.3,0.7,0.8
,26-May,5.65,0.6,5.71,5.57,5.75,5.63,5.58,0.6,0.9,0.4,0.7,0.7
,2-Jun,5.62,0.6,5.67,5.54,5.69,5.64,5.55,0.5,0.8,0.4,0.6,0.8
,9-Jun,5.56,0.6,5.59,5.46,5.68,5.58,5.51,0.5,0.7,0.4,0.4,0.7
,16-Jun,5.63,0.5,5.67,5.59,5.74,5.61,5.56,0.5,0.5,0.3,0.6,0.6
,23-Jun,5.57,0.6,5.63,5.51,5.71,5.55,5.46,0.6,0.7,0.3,0.8,0.8
,30-Jun,5.53,0.6,5.54,5.48,5.66,5.51,5.48,0.5,0.7,0.3,0.6,0.6
,7-Jul,5.62,0.6,5.66,5.57,5.69,5.65,5.56,0.5,0.7,0.5,0.7,0.7
,14-Jul,5.66,0.6,5.68,5.61,5.8,5.61,5.61,0.6,0.6,0.4,0.7,0.8
,21-Jul,5.73,0.4,5.81,5.64,5.82,5.81,5.64,0.2,0.5,0.4,0.2,0.6
,28-Jul,5.77,0.5,5.79,5.71,5.89,5.78,5.7,0.6,0.6,0.4,0.5,0.5
,4-Aug,5.82,0.6,5.84,5.77,5.93,5.8,5.76,0.6,0.6,0.4,0.6,0.8
,11-Aug,5.89,0.5,5.92,5.86,6.01,5.88,5.81,0.4,0.5,0.4,0.5,0.7
,18-Aug,5.8,0.5,5.84,5.77,5.93,5.76,5.72,0.5,0.4,0.2,0.6,0.6
,25-Aug,5.77,0.5,5.81,5.72,5.88,5.73,5.7,0.5,0.6,0.3,0.7,0.6
,1-Sep,5.71,0.6,5.78,5.66,5.83,5.65,5.63,0.5,0.6,0.4,0.6,0.7
,8-Sep,5.71,0.6,5.72,5.66,5.82,5.69,5.67,0.5,0.7,0.4,0.5,0.7
,15-Sep,5.74,0.6,5.79,5.71,5.8,5.73,5.68,0.5,0.6,0.5,0.6,0.6
,22-Sep,5.8,0.6,5.85,5.76,5.89,5.75,5.74,0.5,0.7,0.4,0.7,0.8
,29-Sep,5.91,0.5,5.93,5.84,5.98,5.9,5.9,0.4,0.7,0.3,0.5,0.7
,6-Oct,5.98,0.5,6.07,5.9,6.04,5.92,5.93,0.3,0.7,0.3,0.6,0.7
,13-Oct,6.03,0.6,6.06,6,6.13,6.04,5.97,0.5,0.7,0.3,0.6,0.8
,20-Oct,6.1,0.5,6.14,6.04,6.17,6.06,6.07,0.4,0.6,0.3,0.5,0.7
,27-Oct,6.15,0.5,6.17,6.1,6.2,6.12,6.14,0.4,0.7,0.3,0.6,0.6
,3-Nov,6.31,0.5,6.34,6.23,6.36,6.29,6.31,0.4,0.7,0.3,0.5,0.7
,10-Nov,6.36,0.5,6.36,6.29,6.48,6.3,6.35,0.5,0.6,0.3,0.6,0.7
,17-Nov,6.37,0.6,6.39,6.28,6.48,6.3,6.36,0.6,0.8,0.2,0.8,0.6
,23-Nov,6.28,0.6,6.28,6.19,6.4,6.23,6.27,0.5,0.9,0.2,0.8,0.7
,1-Dec,6.26,0.5,6.28,6.18,6.34,6.2,6.25,0.4,0.9,0.2,0.7,0.6
,8-Dec,6.32,0.6,6.33,6.22,6.42,6.25,6.32,0.5,0.7,0.3,0.8,0.6
,15-Dec,6.3,0.5,6.34,6.21,6.46,6.22,6.28,0.4,0.6,0.2,0.5,0.7
,22-Dec,6.26,0.6,6.31,6.21,6.37,6.24,6.21,0.3,0.7,0.3,0.8,0.8
,29-Dec,6.22,0.5,6.27,6.14,6.34,6.18,6.16,0.4,0.7,0.2,0.6,0.8
2006,5-Jan,6.21,0.5,6.23,6.14,6.3,6.15,6.2,0.5,0.7,0.2,0.7,0.6
,12-Jan,6.15,0.6,6.17,6.08,6.2,6.1,6.15,0.5,0.8,0.2,0.6,0.7
,19-Jan,6.1,0.5,6.16,6.04,6.2,6.05,6.04,0.4,0.6,0.2,0.5,0.8
,26-Jan,6.12,0.5,6.15,6.05,6.22,6.09,6.08,0.4,0.7,0.2,0.6,0.7
,2-Feb,6.23,0.5,6.27,6.19,6.33,6.19,6.19,0.4,0.7,0.3,0.7,0.6
,9-Feb,6.24,0.6,6.28,6.19,6.37,6.21,6.18,0.5,0.7,0.3,0.7,0.6
,16-Feb,6.28,0.5,6.32,6.25,6.38,6.24,6.25,0.4,0.6,0.3,0.6,0.6
,23-Feb,6.26,0.6,6.26,6.23,6.33,6.21,6.25,0.6,0.7,0.3,0.6,0.7
,2-Mar,6.24,0.6,6.28,6.2,6.34,6.22,6.2,0.4,0.7,0.3,0.7,0.7
,9-Mar,6.37,0.6,6.37,6.29,6.48,6.32,6.35,0.5,0.7,0.3,0.6,0.8
,16-Mar,6.34,0.7,6.4,6.31,6.42,6.33,6.29,0.5,0.8,0.5,0.7,0.8
,23-Mar,6.32,0.6,6.34,6.28,6.37,6.32,6.29,0.5,0.6,0.4,0.3,0.7
,30-Mar,6.35,0.5,6.4,6.33,6.39,6.36,6.3,0.4,0.7,0.3,0.5,0.6
,6-Apr,6.43,0.6,6.42,6.39,6.54,6.4,6.41,0.4,0.7,0.3,0.5,0.8
,13-Apr,6.49,0.6,6.53,6.41,6.56,6.5,6.46,0.5,0.8,0.4,0.5,0.7
,20-Apr,6.53,0.6,6.55,6.44,6.62,6.5,6.52,0.3,0.8,0.4,0.6,0.7
,27-Apr,6.58,0.5,6.62,6.5,6.66,6.56,6.56,0.4,0.7,0.3,0.5,0.6
,4-May,6.59,0.6,6.62,6.51,6.68,6.58,6.55,0.5,0.7,0.3,0.6,0.7
,11-May,6.58,0.5,6.59,6.49,6.72,6.56,6.55,0.5,0.7,0.2,0.6,0.6
,18-May,6.6,0.5,6.58,6.57,6.73,6.58,6.57,0.5,0.6,0.3,0.5,0.6
,25-May,6.62,0.4,6.6,6.55,6.68,6.63,6.63,0.4,0.5,0.2,0.4,0.4
,1-Jun,6.67,0.4,6.71,6.6,6.72,6.67,6.66,0.4,0.5,0.4,0.4,0.5
,8-Jun,6.62,0.5,6.67,6.54,6.73,6.6,6.57,0.4,0.7,0.3,0.5,0.6
,15-Jun,6.63,0.5,6.67,6.6,6.73,6.62,6.57,0.4,0.5,0.3,0.5,0.7
,22-Jun,6.71,0.5,6.7,6.68,6.82,6.66,6.69,0.4,0.6,0.2,0.4,0.6
,29-Jun,6.78,0.5,6.8,6.74,6.85,6.78,6.76,0.4,0.6,0.2,0.5,0.7
,6-Jul,6.79,0.5,6.88,6.71,6.83,6.77,6.76,0.4,0.7,0.3,0.6,0.6
,13-Jul,6.74,0.6,6.83,6.67,6.78,6.75,6.7,0.3,0.9,0.3,0.5,0.9
,20-Jul,6.8,0.5,6.83,6.73,6.88,6.79,6.76,0.3,0.6,0.2,0.4,0.8
,27-Jul,6.72,0.3,6.79,6.67,6.77,6.72,6.67,0.1,0.5,0.2,0.4,0.6
,3-Aug,6.63,0.3,6.71,6.58,6.7,6.64,6.56,0.1,0.4,0.1,0.3,0.6
,10-Aug,6.55,0.4,6.59,6.52,6.59,6.55,6.51,0.2,0.4,0.1,0.4,0.6
,17-Aug,6.52,0.3,6.52,6.48,6.58,6.51,6.53,0.2,0.5,0.2,0.4,0.3
,24-Aug,6.48,0.4,6.54,6.46,6.49,6.47,6.43,0.2,0.5,0.3,0.4,0.6
,31-Aug,6.44,0.4,6.47,6.36,6.49,6.44,6.44,0.3,0.6,0.3,0.4,0.5
,7-Sep,6.47,0.4,6.49,6.45,6.5,6.46,6.46,0.3,0.5,0.3,0.5,0.5
,14-Sep,6.43,0.5,6.48,6.39,6.5,6.41,6.39,0.4,0.6,0.2,0.5,0.7
,21-Sep,6.4,0.5,6.47,6.31,6.45,6.37,6.36,0.3,0.6,0.3,0.4,0.6
,28-Sep,6.31,0.4,6.31,6.27,6.38,6.28,6.3,0.3,0.5,0.2,0.5,0.4
,5-Oct,6.3,0.3,6.33,6.25,6.36,6.26,6.28,0.2,0.6,0.2,0.4,0.4
,12-Oct,6.37,0.5,6.39,6.31,6.41,6.37,6.36,0.3,0.7,0.3,0.5,0.5
,19-Oct,6.36,0.5,6.36,6.33,6.4,6.37,6.37,0.6,0.7,0.3,0.6,0.5
,26-Oct,6.4,0.4,6.4,6.36,6.47,6.41,6.38,0.4,0.5,0.3,0.3,0.6
,2-Nov,6.31,0.4,6.31,6.29,6.33,6.3,6.32,0.4,0.5,0.3,0.4,0.4
,9-Nov,6.33,0.6,6.35,6.31,6.36,6.31,6.33,0.3,0.8,0.5,0.7,0.8
,16-Nov,6.24,0.5,6.29,6.19,6.27,6.27,6.22,0.3,0.8,0.4,0.5,0.6
,22-Nov,6.18,0.5,6.24,6.1,6.24,6.2,6.16,0.4,0.7,0.3,0.4,0.7
,30-Nov,6.14,0.4,6.18,6.06,6.24,6.1,6.12,0.3,0.6,0.2,0.6,0.4
,7-Dec,6.11,0.5,6.14,6.05,6.21,6.09,6.09,0.4,0.7,0.2,0.4,0.6
,14-Dec,6.12,0.4,6.15,6.08,6.16,6.1,6.1,0.3,0.6,0.3,0.4,0.5
,21-Dec,6.13,0.4,6.16,6.07,6.19,6.11,6.11,0.2,0.6,0.2,0.4,0.5
,28-Dec,6.18,0.4,6.22,6.14,6.22,6.19,6.17,0.3,0.5,0.3,0.3,0.4
2007,4-Jan,6.18,0.4,6.24,6.08,6.27,6.13,6.19,0.2,0.6,0.2,0.4,0.6
,11-Jan,6.21,0.4,6.23,6.17,6.23,6.17,6.21,0.2,0.5,0.1,0.3,0.6
,18-Jan,6.23,0.4,6.27,6.16,6.27,6.21,6.21,0.2,0.5,0.3,0.3,0.6
,25-Jan,6.25,0.4,6.3,6.19,6.28,6.25,6.23,0.3,0.5,0.3,0.3,0.6
,1-Feb,6.34,0.4,6.4,6.3,6.4,6.32,6.29,0.2,0.5,0.2,0.3,0.6
,8-Feb,6.28,0.3,6.33,6.22,6.27,6.26,6.31,0.2,0.5,0.2,0.3,0.4
,15-Feb,6.3,0.4,6.33,6.27,6.31,6.3,6.29,0.2,0.4,0.3,0.2,0.6
,22-Feb,6.22,0.5,6.25,6.18,6.25,6.24,6.2,0.3,0.6,0.3,0.4,0.7
,1-Mar,6.18,0.4,6.24,6.15,6.2,6.19,6.13,0.1,0.5,0.2,0.4,0.8
,8-Mar,6.14,0.5,6.19,6.1,6.19,6.15,6.1,0.2,0.7,0.4,0.6,0.8
,15-Mar,6.14,0.4,6.18,6.1,6.18,6.1,6.11,0.1,0.6,0.3,0.4,0.6
,22-Mar,6.16,0.4,6.23,6.1,6.2,6.13,6.15,0.1,0.6,0.2,0.4,0.6
,29-Mar,6.16,0.4,6.21,6.11,6.2,6.13,6.14,0.1,0.5,0.2,0.5,0.7
,5-Apr,6.17,0.4,6.18,6.12,6.21,6.16,6.17,0.3,0.6,0.2,0.4,0.6
,12-Apr,6.22,0.4,6.27,6.17,6.27,6.22,6.18,0.1,0.4,0.2,0.4,0.6
,19-Apr,6.17,0.5,6.24,6.12,6.22,6.17,6.12,0.2,0.6,0.3,0.5,0.7
,26-Apr,6.16,0.5,6.17,6.16,6.21,6.16,6.14,0.3,0.6,0.3,0.5,0.8
,3-May,6.16,0.5,6.19,6.12,6.2,6.15,6.14,0.2,0.6,0.4,0.4,0.8
,10-May,6.15,0.5,6.14,6.1,6.2,6.16,6.16,0.3,0.7,0.3,0.4,0.8
,17-May,6.21,0.4,6.24,6.16,6.26,6.19,6.21,0.2,0.6,0.2,0.4,0.5
,24-May,6.37,0.4,6.39,6.35,6.37,6.37,6.36,0.3,0.4,0.2,0.3,0.5
,31-May,6.42,0.4,6.48,6.37,6.42,6.41,6.41,0.2,0.6,0.3,0.4,0.7
,7-Jun,6.53,0.4,6.54,6.52,6.54,6.54,6.51,0.2,0.5,0.3,0.3,0.6
,14-Jun,6.74,0.4,6.78,6.71,6.76,6.71,6.73,0.2,0.6,0.3,0.4,0.6
,21-Jun,6.69,0.5,6.73,6.65,6.73,6.73,6.66,0.5,0.4,0.2,0.4,0.6
,28-Jun,6.67,0.4,6.72,6.63,6.71,6.69,6.65,0.2,0.4,0.3,0.4,0.6
,5-Jul,6.63,0.4,6.67,6.56,6.69,6.64,6.62,0.2,0.3,0.2,0.2,0.6
,12-Jul,6.73,0.4,6.78,6.65,6.77,6.69,6.73,0.3,0.6,0.4,0.5,0.6
,19-Jul,6.73,0.4,6.71,6.7,6.79,6.72,6.74,0.3,0.5,0.3,0.4,0.5
,26-Jul,6.69,0.4,6.74,6.65,6.72,6.72,6.67,0.1,0.4,0.3,0.2,0.6
,2-Aug,6.68,0.3,6.7,6.62,6.71,6.7,6.67,0.1,0.3,0.2,0.2,0.6
,9-Aug,6.59,0.4,6.63,6.55,6.63,6.63,6.57,0.2,0.5,0.3,0.3,0.6
,16-Aug,6.62,0.4,6.65,6.57,6.66,6.66,6.61,0.2,0.5,0.4,0.3,0.6
,23-Aug,6.52,0.4,6.59,6.49,6.55,6.55,6.46,0.2,0.5,0.3,0.3,0.7
,30-Aug,6.45,0.5,6.49,6.41,6.49,6.48,6.4,0.2,0.6,0.3,0.3,0.7
,6-Sep,6.46,0.5,6.51,6.44,6.5,6.47,6.42,0.2,0.6,0.4,0.3,0.9
,13-Sep,6.31,0.5,6.39,6.26,6.33,6.32,6.27,0.2,0.6,0.3,0.5,0.6
,20-Sep,6.34,0.5,6.43,6.27,6.38,6.37,6.29,0.2,0.6,0.3,0.4,0.8
,27-Sep,6.42,0.5,6.47,6.37,6.44,6.42,6.4,0.2,0.6,0.4,0.4,0.7
,4-Oct,6.37,0.5,6.41,6.26,6.45,6.38,6.35,0.2,0.7,0.3,0.5,0.8
,11-Oct,6.4,0.4,6.42,6.32,6.47,6.42,6.38,0.3,0.3,0.3,0.3,0.6
,18-Oct,6.4,0.5,6.48,6.36,6.47,6.43,6.36,0.3,0.6,0.3,0.5,0.8
,25-Oct,6.33,0.5,6.37,6.29,6.33,6.4,6.3,0.3,0.5,0.3,0.5,0.8
,1-Nov,6.26,0.4,6.3,6.22,6.31,6.27,6.26,0.2,0.5,0.2,0.3,0.6
,8-Nov,6.24,0.4,6.3,6.22,6.3,6.3,6.2,0.3,0.5,0.3,0.4,0.6
,15-Nov,6.24,0.4,6.27,6.21,6.31,6.26,6.21,0.2,0.5,0.2,0.4,0.6
,21-Nov,6.2,0.5,6.27,6.15,6.27,6.23,6.15,0.2,0.6,0.4,0.4,0.8
,29-Nov,6.1,0.5,6.21,6.05,6.13,6.07,6.05,0.2,0.6,0.3,0.5,0.6
,6-Dec,5.96,0.4,6.02,5.94,5.95,5.94,5.96,0.2,0.6,0.3,0.5,0.6
,13-Dec,6.11,0.5,6.17,6.06,6.17,6.11,6.07,0.2,0.7,0.3,0.5,0.6
,20-Dec,6.14,0.4,6.18,6.12,6.22,6.15,6.09,0.3,0.4,0.3,0.4,0.6
,27-Dec,6.17,0.5,6.2,6.17,6.2,6.15,6.17,0.3,0.6,0.5,0.5,0.5
2008,3-Jan,6.07,0.5,6.14,6.06,6.11,6.07,6.04,0.4,0.6,0.4,0.6,0.7
,10-Jan,5.87,0.4,5.9,5.85,5.9,5.88,5.85,0.2,0.5,0.3,0.3,0.5
,17-Jan,5.69,0.5,5.8,5.65,5.75,5.68,5.64,0.2,0.5,0.3,0.5,0.6
,24-Jan,5.48,0.4,5.57,5.46,5.51,5.47,5.41,0.2,0.4,0.3,0.4,0.6
,31-Jan,5.68,0.4,5.72,5.63,5.75,5.72,5.65,0.3,0.5,0.3,0.4,0.5
,7-Feb,5.67,0.4,5.75,5.62,5.74,5.67,5.65,0.2,0.5,0.3,0.4,0.5
,14-Feb,5.72,0.4,5.76,5.68,5.79,5.72,5.72,0.3,0.5,0.4,0.4,0.6
,21-Feb,6.04,0.6,6.06,5.97,6.1,6.11,6.04,0.5,0.6,0.4,0.6,0.6
,28-Feb,6.24,0.5,6.3,6.22,6.32,6.19,6.22,0.3,0.5,0.4,0.6,0.7
,6-Mar,6.03,0.5,6.1,6.03,6.09,6,5.99,0.4,0.6,0.4,0.6,0.7
,13-Mar,6.13,0.5,6.22,6.08,6.17,6.11,6.11,0.3,0.5,0.5,0.6,0.6
,20-Mar,5.87,0.5,5.99,5.84,5.88,5.84,5.81,0.3,0.5,0.4,0.6,0.6
,27-Mar,5.85,0.4,5.93,5.82,5.88,5.86,5.8,0.3,0.4,0.3,0.4,0.5
,3-Apr,5.88,0.5,5.91,5.86,5.93,5.89,5.88,0.4,0.5,0.4,0.4,0.5
,10-Apr,5.88,0.4,5.94,5.84,5.87,5.86,5.88,0.3,0.5,0.4,0.6,0.4
,17-Apr,5.88,0.4,5.91,5.86,5.93,5.89,5.87,0.2,0.4,0.3,0.4,0.6
,24-Apr,6.03,0.3,6.11,6,6.01,6.07,6,0.2,0.4,0.3,0.3,0.5
,1-May,6.06,0.5,6.13,6.02,6.09,6.07,6.05,0.3,0.6,0.4,0.5,0.7
,8-May,6.05,0.3,6.1,6.04,6.04,6.08,6.04,0.2,0.3,0.3,0.2,0.5
,15-May,6.01,0.6,6.07,5.97,6.05,6.05,5.99,0.4,0.7,0.4,0.6,0.7
,22-May,5.98,0.5,6.01,5.96,5.96,5.99,6,0.3,0.7,0.4,0.6,0.6
,29-May,6.08,0.6,6.13,6.08,6.1,6.11,6.04,0.3,0.7,0.5,0.7,0.8
,5-Jun,6.09,0.6,6.17,6.03,6.15,6.09,6.07,0.4,0.8,0.4,0.6,0.8
,12-Jun,6.32,0.7,6.35,6.27,6.36,6.36,6.31,0.5,0.8,0.4,0.6,0.8
,19-Jun,6.42,0.7,6.47,6.37,6.5,6.4,6.41,0.6,0.9,0.6,0.8,0.8
,26-Jun,6.45,0.6,6.49,6.43,6.51,6.47,6.42,0.5,0.7,0.6,0.7,0.7
,3-Jul,6.35,0.6,6.4,6.31,6.39,6.38,6.32,0.5,0.7,0.6,0.7,0.7
,10-Jul,6.37,0.6,6.4,6.32,6.42,6.42,6.37,0.5,0.7,0.7,0.6,0.7
,17-Jul,6.26,0.6,6.29,6.21,6.31,6.29,6.27,0.6,0.7,0.6,0.6,0.6
,24-Jul,6.63,0.6,6.69,6.61,6.66,6.66,6.59,0.5,0.7,0.6,0.6,0.6
,31-Jul,6.52,0.7,6.58,6.48,6.54,6.54,6.5,0.6,0.8,0.7,0.6,0.7
,7-Aug,6.52,0.7,6.54,6.49,6.55,6.6,6.51,0.7,0.7,0.6,0.5,0.7
,14-Aug,6.52,0.7,6.57,6.49,6.57,6.57,6.49,0.6,0.7,0.5,0.6,0.7
,21-Aug,6.47,0.7,6.54,6.45,6.52,6.52,6.43,0.7,0.7,0.5,0.6,0.7
,28-Aug,6.4,0.6,6.43,6.36,6.43,6.46,6.39,0.5,0.7,0.5,0.5,0.8
,4-Sep,6.35,0.7,6.41,6.34,6.41,6.35,6.31,0.7,0.7,0.6,0.6,0.7
,11-Sep,5.93,0.7,5.94,5.96,5.94,6,5.9,0.7,0.7,0.6,0.6,0.8
,18-Sep,5.78,0.6,5.83,5.78,5.73,5.83,5.77,0.6,0.6,0.6,0.5,0.7
,25-Sep,6.09,0.7,6.08,6.11,6.11,6.08,6.09,0.7,0.7,0.6,0.5,0.8
,2-Oct,6.1,0.6,6.13,6.11,6.09,6.18,6.07,0.7,0.6,0.6,0.5,0.7
,9-Oct,5.94,0.6,6.03,5.89,5.95,5.98,5.9,0.6,0.7,0.6,0.6,0.6
,16-Oct,6.46,0.6,6.47,6.51,6.48,6.5,6.37,0.6,0.6,0.4,0.5,0.7
,23-Oct,6.04,0.6,6.11,6.01,6.04,5.99,6.04,0.6,0.8,0.5,0.7,0.7
,30-Oct,6.46,0.7,6.49,6.38,6.49,6.48,6.47,0.6,0.7,0.6,0.6,0.8
,6-Nov,6.2,0.7,6.27,6.1,6.3,6.19,6.16,0.6,0.8,0.6,0.6,0.8
,13-Nov,6.14,0.7,6.17,6.1,6.19,6.15,6.1,0.7,0.7,0.5,0.6,0.8
,20-Nov,6.04,0.7,6.08,5.96,6.06,6.08,6.03,0.7,0.7,0.5,0.6,0.8
,26-Nov,5.97,0.7,5.99,5.95,5.96,5.99,5.97,0.8,0.7,0.6,0.6,0.8
,4-Dec,5.53,0.7,5.52,5.48,5.53,5.48,5.6,0.7,0.8,0.5,0.7,0.7
,11-Dec,5.47,0.7,5.51,5.43,5.44,5.42,5.49,0.6,0.7,0.7,0.7,0.8
,18-Dec,5.19,0.7,5.28,5.24,5.19,5.09,5.14,0.6,0.7,0.6,0.6,0.8
,24-Dec,5.14,0.8,5.2,5.23,5.08,5.17,5.04,0.7,0.7,0.6,0.6,1
,31-Dec,5.1,0.7,5.26,5.08,5.03,5.06,5.01,0.6,0.7,0.8,0.5,0.9
2009,8-Jan,5.01,0.6,5.06,5.07,5.06,4.91,4.92,0.6,0.7,0.5,0.6,0.8
,15-Jan,4.96,0.7,5,5.03,4.91,4.92,4.91,0.7,0.7,0.5,0.5,0.8
,22-Jan,5.12,0.7,5.14,5.15,5.14,5.13,5.08,0.7,0.8,0.6,0.7,0.7
,29-Jan,5.1,0.7,5.18,5.14,5.09,5.06,5.03,0.6,0.8,0.6,0.6,0.8
,5-Feb,5.25,0.8,5.25,5.29,5.2,5.36,5.19,0.7,0.8,0.6,0.6,0.9
,12-Feb,5.16,0.7,5.14,5.13,5.22,5.21,5.15,0.7,0.8,0.6,0.6,0.8
,19-Feb,5.04,0.7,4.92,5.1,5.11,5.14,5.04,0.6,0.7,0.6,0.5,0.8
,26-Feb,5.07,0.7,4.94,5.14,5.11,5.16,5.06,0.6,0.7,0.6,0.6,0.9
,5-Mar,5.15,0.7,5.02,5.18,5.19,5.24,5.17,0.6,0.7,0.6,0.6,0.8
,12-Mar,5.03,0.7,4.93,5.05,5.05,5.14,5.02,0.6,0.7,0.7,0.6,0.8
,19-Mar,4.98,0.7,4.86,5.01,5.05,5.03,4.99,0.7,0.7,0.6,0.6,0.8
,26-Mar,4.85,0.7,4.9,4.86,4.85,4.84,4.8,0.7,0.7,0.7,0.6,0.8
,2-Apr,4.78,0.7,4.85,4.79,4.83,4.77,4.71,0.8,0.7,0.6,0.6,0.9
,9-Apr,4.87,0.7,4.93,4.89,4.9,4.84,4.82,0.7,0.7,0.7,0.6,0.9
,16-Apr,4.82,0.6,4.87,4.81,4.84,4.76,4.8,0.7,0.7,0.6,0.5,0.6
,23-Apr,4.8,0.7,4.83,4.8,4.85,4.72,4.78,0.7,0.6,0.6,0.6,0.7
,30-Apr,4.78,0.7,4.82,4.77,4.83,4.7,4.76,0.7,0.6,0.7,0.6,0.8
,7-May,4.84,0.7,4.91,4.77,4.85,4.84,4.82,0.8,0.7,0.8,0.5,0.8
,14-May,4.86,0.6,4.92,4.79,4.92,4.83,4.83,0.6,0.7,0.6,0.5,0.8
,21-May,4.82,0.7,4.86,4.79,4.86,4.84,4.79,0.8,0.7,0.7,0.5,0.8
,28-May,4.91,0.7,4.93,4.88,4.94,4.97,4.87,0.8,0.7,0.7,0.5,0.8
,4-Jun,5.29,0.7,5.31,5.27,5.32,5.39,5.25,0.8,0.7,0.6,0.5,0.8
,11-Jun,5.59,0.7,5.58,5.53,5.62,5.71,5.59,0.9,0.6,0.7,0.5,0.8
,18-Jun,5.38,0.7,5.43,5.37,5.43,5.41,5.31,0.8,0.6,0.7,0.5,0.8
,25-Jun,5.42,0.7,5.47,5.36,5.49,5.44,5.37,0.7,0.7,0.6,0.6,0.8
,2-Jul,5.32,0.7,5.36,5.26,5.36,5.31,5.3,0.8,0.6,0.6,0.5,0.8
,9-Jul,5.2,0.7,5.19,5.19,5.29,5.19,5.17,0.8,0.7,0.6,0.5,0.7
,16-Jul,5.14,0.7,5.17,5.11,5.21,5.16,5.09,0.8,0.7,0.5,0.5,0.8
,23-Jul,5.2,0.7,5.21,5.14,5.28,5.2,5.19,0.8,0.7,0.6,0.5,0.9
,30-Jul,5.25,0.7,5.36,5.19,5.27,5.26,5.2,0.7,0.7,0.6,0.5,0.8
,6-Aug,5.22,0.6,5.28,5.15,5.32,5.2,5.18,0.6,0.7,0.6,0.5,0.8
,13-Aug,5.29,0.7,5.31,5.22,5.38,5.36,5.25,0.7,0.7,0.6,0.4,0.8
,20-Aug,5.12,0.7,5.12,5.11,5.19,5.12,5.08,0.8,0.7,0.7,0.5,0.8
,27-Aug,5.14,0.7,5.14,5.1,5.19,5.16,5.14,0.7,0.7,0.7,0.5,0.7
,3-Sep,5.08,0.7,5.14,5.05,5.15,5.1,5.02,0.6,0.7,0.7,0.6,0.8
,10-Sep,5.07,0.7,5.09,5.03,5.1,5.14,5.05,0.7,0.7,0.7,0.6,0.7
,17-Sep,5.04,0.7,5.06,5.04,5.07,5.05,5,0.6,0.7,0.7,0.6,0.7
,24-Sep,5.04,0.6,5.06,5.01,5.11,5.03,5.02,0.6,0.7,0.6,0.5,0.7
,1-Oct,4.94,0.7,4.98,4.93,4.96,4.9,4.92,0.7,0.7,0.7,0.6,0.7
,8-Oct,4.87,0.7,4.86,4.92,4.9,4.83,4.83,0.8,0.6,0.6,0.6,0.8
,15-Oct,4.92,0.7,4.92,4.94,4.95,4.93,4.88,0.7,0.7,0.7,0.5,0.8
,22-Oct,5,0.7,5.01,4.98,5.05,4.99,4.99,0.7,0.7,0.6,0.6,0.7
,29-Oct,5.03,0.7,5.02,5.01,5.11,5.06,5.01,0.8,0.7,0.5,0.6,0.8
,5-Nov,4.98,0.7,5,5.01,5.02,5.01,4.91,0.8,0.7,0.6,0.5,0.9
,12-Nov,4.91,0.7,4.92,4.92,4.96,4.9,4.88,0.7,0.6,0.6,0.5,0.8
,19-Nov,4.83,0.7,4.85,4.82,4.9,4.82,4.78,0.7,0.7,0.6,0.6,0.8
,25-Nov,4.78,0.7,4.78,4.75,4.84,4.8,4.77,0.7,0.7,0.7,0.6,0.8
,3-Dec,4.71,0.7,4.71,4.68,4.78,4.76,4.68,0.8,0.8,0.6,0.5,0.8
,10-Dec,4.81,0.7,4.79,4.8,4.87,4.83,4.78,0.8,0.7,0.6,0.6,0.8
,17-Dec,4.94,0.7,4.95,4.94,5,4.93,4.91,0.7,0.6,0.6,0.6,0.7
,24-Dec,5.05,0.7,5.05,5.02,5.09,5.08,5.03,0.7,0.6,0.7,0.5,0.8
,31-Dec,5.14,0.7,5.12,5.16,5.2,5.16,5.11,0.8,0.6,0.6,0.5,0.7
2010,7-Jan,5.09,0.7,5.17,5.07,5.11,5.11,5.02,0.7,0.7,0.8,0.5,0.7
,14-Jan,5.06,0.7,5.11,5,5.11,5.05,5.03,0.6,0.7,0.7,0.5,0.8
,21-Jan,4.99,0.7,5,4.97,5.02,4.98,4.97,0.8,0.7,0.7,0.5,0.7
,28-Jan,4.98,0.6,5.02,4.97,5.01,4.97,4.93,0.6,0.6,0.6,0.5,0.7
,4-Feb,5.01,0.7,5.05,5.01,5.01,4.95,5,0.6,0.6,0.5,0.6,0.9
,11-Feb,4.97,0.7,5.02,4.93,5,4.93,4.94,0.6,0.6,0.5,0.7,0.8
,18-Feb,4.93,0.7,4.94,4.91,4.96,5,4.88,0.7,0.6,0.6,0.6,0.8
,25-Feb,5.05,0.7,5.12,5.02,5.1,4.96,5.01,0.5,0.8,0.5,0.7,0.9
,4-Mar,4.97,0.7,4.97,4.97,5.03,4.9,4.95,0.6,0.7,0.5,0.7,0.9
,11-Mar,4.95,0.7,5,4.94,5.01,4.88,4.91,0.6,0.7,0.5,0.6,0.9
,18-Mar,4.96,0.7,4.99,4.94,5.02,4.91,4.92,0.6,0.7,0.5,0.6,0.9
,25-Mar,4.99,0.6,5.03,4.99,5.05,4.93,4.94,0.6,0.6,0.4,0.6,0.9
,1-Apr,5.08,0.7,5.11,5.06,5.16,5.02,5.04,0.6,0.7,0.4,0.6,0.9
,8-Apr,5.21,0.6,5.23,5.15,5.3,5.14,5.21,0.6,0.7,0.5,0.6,0.8
,15-Apr,5.07,0.6,5.13,5.02,5.12,5,5.03,0.6,0.7,0.5,0.6,0.8
,22-Apr,5.07,0.7,5.12,5.03,5.14,5,5.05,0.6,0.7,0.5,0.6,0.8
,29-Apr,5.06,0.7,5.11,5,5.13,5.02,5.03,0.5,0.7,0.5,0.6,0.8
,6-May,5,0.7,5.03,4.97,5.05,4.93,4.99,0.7,0.7,0.5,0.7,0.9
,13-May,4.93,0.7,4.98,4.91,4.97,4.87,4.91,0.7,0.7,0.5,0.6,0.9
,20-May,4.84,0.7,4.88,4.83,4.86,4.81,4.82,0.6,0.7,0.5,0.6,0.8
,27-May,4.78,0.7,4.78,4.77,4.77,4.77,4.79,0.7,0.7,0.6,0.7,0.9
,3-Jun,4.79,0.8,4.82,4.79,4.83,4.78,4.76,0.7,0.8,0.6,0.7,1
,10-Jun,4.72,0.7,4.76,4.73,4.74,4.73,4.68,0.7,0.7,0.6,0.7,0.9
,17-Jun,4.75,0.7,4.78,4.74,4.81,4.76,4.71,0.7,0.7,0.5,0.7,0.9
,24-Jun,4.69,0.7,4.73,4.7,4.7,4.69,4.65,0.6,0.7,0.6,0.7,0.8
,1-Jul,4.58,0.7,4.63,4.61,4.63,4.54,4.52,0.7,0.8,0.5,0.6,0.8
,8-Jul,4.57,0.7,4.63,4.6,4.58,4.54,4.51,0.7,0.7,0.5,0.6,0.9
,15-Jul,4.57,0.7,4.57,4.61,4.6,4.6,4.52,0.7,0.7,0.6,0.7,0.9
,22-Jul,4.56,0.7,4.55,4.59,4.6,4.58,4.51,0.7,0.7,0.6,0.7,0.9
,29-Jul,4.54,0.7,4.55,4.6,4.54,4.55,4.48,0.7,0.7,0.6,0.7,0.8
,5-Aug,4.49,0.7,4.51,4.52,4.49,4.51,4.45,0.6,0.7,0.5,0.6,0.8
,12-Aug,4.44,0.7,4.48,4.45,4.45,4.48,4.38,0.6,0.7,0.4,0.6,0.8
,19-Aug,4.42,0.7,4.44,4.44,4.42,4.46,4.35,0.6,0.8,0.4,0.5,0.8
,26-Aug,4.36,0.7,4.37,4.42,4.36,4.42,4.28,0.6,0.7,0.5,0.6,0.8
,2-Sep,4.32,0.7,4.36,4.36,4.26,4.39,4.26,0.6,0.8,0.6,0.6,0.8
,9-Sep,4.35,0.7,4.37,4.39,4.3,4.38,4.31,0.6,0.8,0.6,0.7,0.9
,16-Sep,4.37,0.7,4.39,4.37,4.36,4.41,4.33,0.6,0.8,0.6,0.7,0.8
,23-Sep,4.37,0.7,4.41,4.38,4.37,4.36,4.33,0.5,0.8,0.7,0.8,0.9
,30-Sep,4.32,0.8,4.35,4.37,4.31,4.32,4.27,0.7,0.8,0.7,0.7,0.9
,7-Oct,4.27,0.8,4.3,4.33,4.27,4.27,4.23,0.7,0.8,0.7,0.7,0.9
,14-Oct,4.19,0.8,4.25,4.2,4.17,4.17,4.16,0.7,0.9,0.6,0.8,0.9
,21-Oct,4.21,0.8,4.22,4.3,4.19,4.23,4.17,0.8,0.8,0.8,0.7,1
,28-Oct,4.23,0.8,4.24,4.31,4.23,4.22,4.18,0.7,0.9,0.7,0.8,1
,4-Nov,4.24,0.8,4.23,4.32,4.22,4.24,4.21,0.8,0.9,0.7,0.8,0.9
,11-Nov,4.17,0.8,4.17,4.18,4.16,4.18,4.17,0.8,0.9,0.9,0.9,0.8
,18-Nov,4.39,0.9,4.37,4.42,4.44,4.41,4.34,0.8,0.9,0.8,0.8,1
,24-Nov,4.4,0.8,4.4,4.4,4.5,4.36,4.35,0.7,0.9,0.6,0.7,0.9
,2-Dec,4.46,0.8,4.46,4.48,4.53,4.44,4.43,0.8,0.8,0.6,0.7,0.9
,9-Dec,4.61,0.7,4.62,4.58,4.65,4.56,4.62,0.7,0.7,0.5,0.7,1
,16-Dec,4.83,0.7,4.83,4.82,4.82,4.84,4.82,0.6,0.7,0.6,0.7,0.8
,23-Dec,4.81,0.7,4.82,4.79,4.84,4.83,4.79,0.7,0.8,0.5,0.7,0.9
,30-Dec,4.86,0.8,4.88,4.82,4.89,4.86,4.84,0.7,0.9,0.6,0.7,0.9
2011,6-Jan,4.77,0.8,4.77,4.76,4.81,4.79,4.74,0.7,0.9,0.6,0.7,0.9
,13-Jan,4.71,0.8,4.75,4.66,4.76,4.7,4.67,0.7,1,0.6,0.8,0.9
,20-Jan,4.74,0.8,4.76,4.71,4.78,4.73,4.71,0.8,0.9,0.6,0.7,0.9
,27-Jan,4.8,0.7,4.83,4.76,4.85,4.78,4.75,0.6,0.8,0.6,0.7,0.8
,3-Feb,4.81,0.8,4.84,4.77,4.88,4.78,4.77,0.7,0.9,0.5,0.7,1
,10-Feb,5.05,0.7,5.07,4.99,5.09,5.06,5.02,0.7,0.9,0.6,0.6,0.8
,17-Feb,5,0.7,5.04,4.95,5.04,5.04,4.96,0.7,0.9,0.6,0.6,0.8
,24-Feb,4.95,0.6,4.99,4.92,4.99,4.98,4.9,0.5,0.8,0.5,0.6,0.7
,3-Mar,4.87,0.7,4.89,4.83,4.92,4.92,4.83,0.7,0.9,0.6,0.6,0.7
,10-Mar,4.88,0.7,4.9,4.85,4.93,4.91,4.83,0.8,0.9,0.6,0.6,0.7
,17-Mar,4.76,0.7,4.76,4.74,4.77,4.82,4.72,0.7,0.9,0.6,0.5,0.8
,24-Mar,4.81,0.7,4.82,4.81,4.86,4.86,4.77,0.7,0.8,0.6,0.6,0.7
,31-Mar,4.86,0.7,4.88,4.83,4.88,4.87,4.84,0.7,0.9,0.6,0.6,0.8
,7-Apr,4.87,0.7,4.88,4.85,4.91,4.91,4.84,0.7,0.8,0.6,0.6,0.7
,14-Apr,4.91,0.6,4.94,4.88,4.96,4.95,4.84,0.6,0.7,0.5,0.6,0.8
,21-Apr,4.8,0.7,4.85,4.79,4.81,4.85,4.73,0.7,0.8,0.6,0.6,0.8
,28-Apr,4.78,0.7,4.81,4.79,4.8,4.81,4.71,0.7,0.7,0.6,0.6,0.8
,5-May,4.71,0.7,4.74,4.71,4.75,4.74,4.63,0.6,0.8,0.6,0.6,0.8
,12-May,4.63,0.7,4.63,4.65,4.67,4.7,4.56,0.6,0.9,0.6,0.7,0.8
,19-May,4.61,0.7,4.62,4.63,4.63,4.66,4.55,0.7,0.8,0.5,0.6,0.7
,26-May,4.6,0.7,4.6,4.62,4.63,4.65,4.54,0.7,0.9,0.6,0.6,0.8
,2-Jun,4.55,0.6,4.58,4.57,4.56,4.55,4.5,0.6,0.8,0.6,0.6,0.6
,9-Jun,4.49,0.7,4.49,4.52,4.52,4.52,4.45,0.6,0.8,0.6,0.6,0.8
,16-Jun,4.5,0.7,4.52,4.53,4.52,4.53,4.46,0.7,0.9,0.7,0.6,0.8
,23-Jun,4.5,0.8,4.51,4.52,4.53,4.52,4.46,0.7,0.9,0.7,0.7,0.8
,30-Jun,4.51,0.7,4.51,4.53,4.54,4.53,4.46,0.7,0.9,0.7,0.7,0.7
,7-Jul,4.6,0.7,4.62,4.62,4.64,4.65,4.53,0.7,0.9,0.6,0.6,0.8
,14-Jul,4.51,0.7,4.53,4.54,4.55,4.54,4.43,0.6,0.9,0.6,0.6,0.8
,21-Jul,4.52,0.7,4.52,4.53,4.58,4.53,4.46,0.7,0.9,0.6,0.6,0.7
,28-Jul,4.55,0.8,4.58,4.55,4.59,4.58,4.48,0.7,0.8,0.6,0.7,0.8
,4-Aug,4.39,0.8,4.38,4.4,4.4,4.43,4.37,0.7,0.9,0.7,0.8,0.8
,11-Aug,4.32,0.7,4.33,4.38,4.32,4.34,4.26,0.6,0.8,0.6,0.7,0.8
,18-Aug,4.15,0.7,4.15,4.24,4.14,4.24,4.09,0.6,0.7,0.6,0.7,0.7
,25-Aug,4.22,0.7,4.2,4.3,4.23,4.28,4.16,0.6,0.8,0.6,0.7,0.7
,1-Sep,4.22,0.7,4.25,4.26,4.22,4.28,4.15,0.7,0.8,0.5,0.7,0.8
,8-Sep,4.12,0.7,4.15,4.2,4.12,4.17,4.05,0.6,0.8,0.6,0.7,0.8
,15-Sep,4.09,0.7,4.11,4.16,4.12,4.13,4.01,0.6,0.8,0.6,0.8,0.9
,22-Sep,4.09,0.7,4.08,4.16,4.09,4.14,4.02,0.7,0.8,0.6,0.7,0.8
,29-Sep,4.01,0.7,4.01,4.09,4.02,4.08,3.95,0.7,0.8,0.6,0.7,0.8
,6-Oct,3.94,0.8,3.92,4.02,3.97,3.99,3.87,0.8,0.9,0.6,0.8,0.9
,13-Oct,4.12,0.8,4.12,4.17,4.08,4.15,4.09,0.9,0.9,0.6,0.8,0.9
,20-Oct,4.11,0.8,4.1,4.17,4.12,4.13,4.06,0.8,0.8,0.7,0.8,0.9
,27-Oct,4.1,0.8,4.09,4.15,4.11,4.14,4.06,0.8,0.9,0.6,0.7,0.8
,3-Nov,4,0.7,4.01,4.06,4.02,4.03,3.94,0.7,0.8,0.6,0.7,0.8
,10-Nov,3.99,0.7,3.99,4.06,4.01,4.03,3.93,0.7,0.8,0.6,0.7,0.8
,17-Nov,4,0.7,4,4.06,3.99,4.03,3.94,0.7,0.8,0.6,0.7,0.7
,23-Nov,3.98,0.7,3.98,4.07,3.98,4.02,3.91,0.7,0.8,0.7,0.7,0.7
,1-Dec,4,0.7,4,4.06,3.97,4.04,3.96,0.7,0.9,0.7,0.7,0.8
,8-Dec,3.99,0.7,3.98,4.08,3.98,4.03,3.93,0.6,0.8,0.6,0.7,0.7
,15-Dec,3.94,0.8,3.94,4,3.93,4,3.88,0.8,0.8,0.6,0.7,0.8
,22-Dec,3.91,0.7,3.92,3.97,3.9,3.95,3.85,0.7,0.8,0.6,0.7,0.8
,29-Dec,3.95,0.7,3.96,3.99,3.95,4,3.9,0.7,0.7,0.7,0.7,0.8
2012,5-Jan,3.91,0.8,3.93,3.92,3.91,3.95,3.86,0.7,0.8,0.6,0.8,0.9
,12-Jan,3.89,0.7,3.89,3.91,3.87,3.95,3.84,0.8,0.8,0.7,0.7,0.8
,19-Jan,3.88,0.8,3.88,3.89,3.89,3.93,3.83,0.8,0.8,0.6,0.8,0.8
,26-Jan,3.98,0.7,3.99,4,4.01,4.05,3.92,0.7,0.8,0.6,0.8,0.8
,2-Feb,3.87,0.8,3.86,3.9,3.86,3.91,3.83,0.7,0.8,0.7,0.8,0.8
,9-Feb,3.87,0.8,3.86,3.89,3.88,3.9,3.84,0.8,0.9,0.7,0.8,0.8
,16-Feb,3.87,0.8,3.88,3.89,3.9,3.91,3.83,0.8,0.9,0.9,0.8,0.7
,23-Feb,3.95,0.8,3.95,3.97,3.95,3.97,3.91,0.8,0.8,0.8,0.9,0.8
,1-Mar,3.9,0.8,3.91,3.95,3.92,3.92,3.86,0.8,0.8,0.7,0.8,0.8
,8-Mar,3.88,0.8,3.89,3.9,3.9,3.92,3.84,0.8,0.9,0.8,0.8,0.8
,15-Mar,3.92,0.8,3.91,3.96,3.91,3.97,3.9,0.8,0.8,0.8,0.8,0.8
,22-Mar,4.08,0.8,4.08,4.13,4.08,4.11,4.05,0.8,0.8,0.7,0.8,0.9
,29-Mar,3.99,0.7,4,4.01,3.99,4.02,3.94,0.7,0.8,0.6,0.8,0.9
,5-Apr,3.98,0.7,4.01,4.01,4,4.02,3.98,0.7,0.8,0.6,0.8,0.7
,12-Apr,3.88,0.7,3.88,3.91,3.89,3.9,3.85,0.8,0.8,0.6,0.8,0.8
,19-Apr,3.9,0.8,3.9,3.9,3.92,3.93,3.86,0.9,0.8,0.6,0.8,0.9
,26-Apr,3.88,0.7,3.9,3.88,3.9,3.9,3.84,0.7,0.8,0.6,0.8,0.8
,3-May,3.84,0.8,3.85,3.84,3.87,3.86,3.79,0.8,0.8,0.7,0.8,1
,10-May,3.83,0.7,3.84,3.86,3.87,3.83,3.77,0.7,0.7,0.7,0.8,0.8
,17-May,3.79,0.7,3.78,3.83,3.83,3.8,3.74,0.7,0.7,0.6,0.7,0.8
,24-May,3.78,0.8,3.78,3.79,3.83,3.81,3.74,0.7,0.7,0.6,0.7,0.9
,31-May,3.75,0.8,3.76,3.76,3.77,3.79,3.7,0.8,0.8,0.7,0.7,0.9
,7-Jun,3.67,0.7,3.7,3.7,3.64,3.7,3.63,0.8,0.7,0.7,0.7,0.8
,14-Jun,3.71,0.7,3.74,3.72,3.73,3.72,3.65,0.6,0.7,0.7,0.7,0.8
,21-Jun,3.66,0.7,3.7,3.68,3.65,3.68,3.62,0.7,0.7,0.7,0.7,0.8
,28-Jun,3.66,0.7,3.7,3.68,3.65,3.68,3.62,0.7,0.7,0.6,0.7,0.8
,5-Jul,3.62,0.8,3.67,3.65,3.6,3.63,3.56,0.7,0.8,0.8,0.7,0.8
,12-Jul,3.56,0.7,3.61,3.55,3.54,3.57,3.53,0.6,0.7,0.7,0.7,0.7
,19-Jul,3.53,0.7,3.56,3.58,3.52,3.56,3.49,0.7,0.7,0.7,0.7,0.7
,26-Jul,3.49,0.7,3.52,3.53,3.48,3.49,3.47,0.7,0.7,0.8,0.7,0.8
,2-Aug,3.55,0.7,3.57,3.58,3.56,3.59,3.5,0.6,0.7,0.7,0.7,0.7
,9-Aug,3.59,0.6,3.59,3.63,3.59,3.62,3.55,0.6,0.7,0.6,0.6,0.6
,16-Aug,3.62,0.6,3.62,3.68,3.58,3.66,3.59,0.6,0.6,0.6,0.6,0.6
,23-Aug,3.66,0.7,3.66,3.71,3.66,3.7,3.63,0.7,0.7,0.7,0.7,0.7
,30-Aug,3.59,0.6,3.59,3.64,3.57,3.61,3.58,0.6,0.6,0.6,0.6,0.6
,6-Sep,3.55,0.7,3.57,3.58,3.53,3.55,3.52,0.7,0.8,0.7,0.8,0.8
,13-Sep,3.55,0.6,3.56,3.6,3.55,3.59,3.5,0.6,0.7,0.6,0.6,0.7
,20-Sep,3.49,0.6,3.5,3.53,3.51,3.52,3.43,0.6,0.7,0.6,0.6,0.6
,27-Sep,3.4,0.6,3.42,3.42,3.4,3.4,3.36,0.6,0.7,0.6,0.6,0.7
,4-Oct,3.36,0.6,3.39,3.4,3.32,3.37,3.34,0.6,0.7,0.6,0.6,0.6
,11-Oct,3.39,0.7,3.42,3.43,3.37,3.43,3.35,0.6,0.7,0.6,0.7,0.7
,18-Oct,3.37,0.7,3.4,3.4,3.35,3.4,3.33,0.6,0.7,0.6,0.7,0.7
,25-Oct,3.41,0.7,3.46,3.45,3.38,3.42,3.36,0.6,0.7,0.7,0.7,0.8
,1-Nov,3.39,0.7,3.44,3.44,3.36,3.41,3.35,0.6,0.7,0.7,0.7,0.7
,8-Nov,3.4,0.7,3.43,3.43,3.38,3.42,3.37,0.6,0.7,0.6,0.8,0.8
,15-Nov,3.34,0.7,3.38,3.38,3.34,3.37,3.27,0.6,0.8,0.7,0.7,0.8
,21-Nov,3.31,0.7,3.35,3.35,3.28,3.34,3.27,0.6,0.8,0.8,0.7,0.8
,29-Nov,3.32,0.8,3.36,3.36,3.3,3.35,3.27,0.6,0.8,0.8,0.8,0.8
,6-Dec,3.34,0.7,3.39,3.35,3.31,3.34,3.31,0.5,0.7,0.7,0.7,0.7
,13-Dec,3.32,0.7,3.35,3.36,3.31,3.33,3.28,0.6,0.7,0.8,0.7,0.7
,20-Dec,3.37,0.7,3.41,3.39,3.34,3.42,3.33,0.6,0.8,0.7,0.7,0.8
,27-Dec,3.35,0.7,3.38,3.38,3.32,3.39,3.32,0.6,0.8,0.7,0.6,0.7
2013,3-Jan,3.34,0.7,3.38,3.35,3.3,3.38,3.29,0.6,0.7,0.8,0.7,0.7
,10-Jan,3.4,0.7,3.44,3.43,3.38,3.44,3.36,0.7,0.8,0.7,0.7,0.8
,17-Jan,3.38,0.7,3.43,3.4,3.34,3.43,3.34,0.6,0.8,0.7,0.7,0.7
,24-Jan,3.42,0.7,3.45,3.43,3.38,3.44,3.4,0.6,0.7,0.7,0.7,0.7
,31-Jan,3.53,0.7,3.54,3.56,3.49,3.57,3.53,0.6,0.8,0.7,0.7,0.7
,7-Feb,3.53,0.8,3.57,3.56,3.5,3.59,3.49,0.7,0.8,0.8,0.8,0.8
,14-Feb,3.53,0.8,3.56,3.57,3.48,3.59,3.49,0.7,0.7,0.8,0.8,0.8
,21-Feb,3.56,0.8,3.58,3.57,3.52,3.62,3.54,0.7,0.9,0.8,0.8,0.8
,28-Feb,3.51,0.8,3.55,3.52,3.46,3.56,3.47,0.8,0.8,0.9,0.8,0.8
,7-Mar,3.52,0.7,3.52,3.55,3.5,3.55,3.51,0.7,0.7,0.7,0.8,0.8
,14-Mar,3.63,0.8,3.64,3.65,3.6,3.67,3.6,0.7,0.8,0.8,0.8,0.8
,21-Mar,3.54,0.8,3.57,3.59,3.51,3.58,3.51,0.8,0.8,0.8,0.8,0.9
,28-Mar,3.57,0.8,3.6,3.59,3.56,3.61,3.54,0.7,0.8,0.8,0.8,0.8
,4-Apr,3.54,0.8,3.57,3.56,3.52,3.56,3.5,0.7,0.8,0.8,0.7,0.8
,11-Apr,3.43,0.8,3.45,3.44,3.39,3.45,3.41,0.8,0.8,0.8,0.8,0.8
,18-Apr,3.41,0.7,3.45,3.42,3.38,3.43,3.38,0.7,0.8,0.8,0.8,0.8
,25-Apr,3.4,0.8,3.43,3.43,3.38,3.41,3.37,0.7,0.8,0.7,0.8,0.8
,2-May,3.35,0.7,3.39,3.37,3.34,3.38,3.32,0.7,0.8,0.7,0.7,0.8
,9-May,3.42,0.7,3.45,3.42,3.43,3.43,3.38,0.7,0.8,0.7,0.7,0.8
,16-May,3.51,0.7,3.51,3.53,3.52,3.54,3.48,0.7,0.8,0.7,0.7,0.8
,23-May,3.59,0.7,3.59,3.59,3.62,3.63,3.57,0.7,0.8,0.7,0.7,0.8
,30-May,3.81,0.8,3.83,3.79,3.83,3.83,3.79,0.7,0.8,0.8,0.8,0.8
,6-Jun,3.91,0.7,3.92,3.91,3.91,3.94,3.88,0.7,0.7,0.7,0.8,0.8
,13-Jun,3.98,0.7,3.97,4,4.02,3.99,3.98,0.7,0.8,0.7,0.8,0.7
,20-Jun,3.93,0.8,3.95,3.96,3.93,3.93,3.92,0.7,0.8,0.7,0.8,0.8
,27-Jun,4.46,0.8,4.45,4.43,4.49,4.49,4.46,0.7,0.8,0.7,0.8,0.8
,3-Jul,4.29,0.7,4.31,4.29,4.25,4.34,4.28,0.7,0.8,0.6,0.8,0.7
,11-Jul,4.51,0.8,4.51,4.48,4.53,4.53,4.51,0.8,0.8,0.7,0.7,0.7
,18-Jul,4.37,0.7,4.4,4.39,4.33,4.42,4.33,0.8,0.8,0.7,0.8,0.7
,25-Jul,4.31,0.8,4.34,4.31,4.29,4.36,4.27,0.8,0.8,0.7,0.8,0.7
,1-Aug,4.39,0.7,4.43,4.37,4.38,4.41,4.36,0.7,0.7,0.7,0.7,0.7
,8-Aug,4.4,0.7,4.42,4.39,4.39,4.45,4.36,0.7,0.7,0.6,0.6,0.7
,15-Aug,4.4,0.7,4.42,4.39,4.39,4.46,4.46,0.7,0.7,0.6,0.7,0.7
,22-Aug,4.58,0.8,4.61,4.57,4.56,4.62,4.57,0.8,0.8,0.7,0.8,0.8
,29-Aug,4.51,0.7,4.53,4.53,4.5,4.54,4.49,0.7,0.7,0.7,0.6,0.7
,5-Sep,4.57,0.7,4.58,4.58,4.58,4.61,4.55,0.8,0.7,0.6,0.7,0.7
,12-Sep,4.57,0.8,4.56,4.57,4.59,4.62,4.53,0.8,0.8,0.7,0.7,0.8
,19-Sep,4.5,0.7,4.52,4.52,4.5,4.56,4.46,0.8,0.6,0.6,0.6,0.7
,26-Sep,4.32,0.7,4.36,4.33,4.33,4.37,4.27,0.7,0.7,0.6,0.7,0.8
,3-Oct,4.22,0.7,4.24,4.23,4.24,4.28,4.17,0.8,0.7,0.7,0.6,0.8
,10-Oct,4.23,0.7,4.25,4.26,4.23,4.29,4.18,0.8,0.7,0.7,0.6,0.8
,17-Oct,4.28,0.7,4.29,4.31,4.3,4.34,4.23,0.7,0.6,0.6,0.6,0.8
,24-Oct,4.13,0.8,4.17,4.16,4.14,4.17,4.08,0.8,0.8,0.7,0.7,0.8
,31-Oct,4.1,0.7,4.14,4.13,4.1,4.14,4.04,0.8,0.7,0.6,0.6,0.8
,7-Nov,4.16,0.8,4.15,4.19,4.17,4.21,4.13,0.9,0.7,0.7,0.6,0.8
,14-Nov,4.35,0.7,4.35,4.38,4.38,4.36,4.32,0.8,0.7,0.7,0.7,0.8
,21-Nov,4.22,0.7,4.24,4.25,4.23,4.26,4.17,0.7,0.7,0.7,0.6,0.8
,27-Nov,4.29,0.7,4.29,4.29,4.31,4.34,4.26,0.8,0.7,0.7,0.7,0.7
,5-Dec,4.46,0.5,4.45,4.43,4.5,4.48,4.46,0.5,0.4,0.4,0.5,0.5
,12-Dec,4.42,0.7,4.4,4.44,4.42,4.47,4.4,0.8,0.7,0.7,0.6,0.7
,19-Dec,4.47,0.7,4.47,4.48,4.5,4.49,4.45,0.7,0.7,0.6,0.6,0.7
,26-Dec,4.48,0.7,4.47,4.51,4.49,4.51,4.46,0.8,0.6,0.7,0.6,0.7
2014,2-Jan,4.53,0.8,4.52,4.56,4.55,4.56,4.49,0.8,0.7,0.7,0.7,0.8
,9-Jan,4.51,0.7,4.5,4.55,4.54,4.55,4.47,0.7,0.6,0.7,0.6,0.7
,16-Jan,4.41,0.7,4.39,4.42,4.45,4.47,4.38,0.8,0.5,0.7,0.6,0.7
,23-Jan,4.39,0.7,4.39,4.43,4.39,4.44,4.34,0.8,0.6,0.6,0.6,0.8
,30-Jan,4.32,0.7,4.32,4.35,4.35,4.36,4.29,0.8,0.6,0.6,0.7,0.8
,6-Feb,4.23,0.7,4.25,4.24,4.24,4.27,4.18,0.7,0.6,0.7,0.7,0.8
,13-Feb,4.28,0.7,4.27,4.3,4.29,4.32,4.25,0.8,0.5,0.7,0.6,0.7
,20-Feb,4.33,0.7,4.33,4.36,4.34,4.38,4.3,0.7,0.6,0.7,0.7,0.8
,27-Feb,4.37,0.7,4.37,4.4,4.41,4.41,4.32,0.7,0.6,0.6,0.6,0.7
,6-Mar,4.28,0.7,4.26,4.33,4.31,4.34,4.23,0.7,0.6,0.6,0.6,0.8
,13-Mar,4.37,0.6,4.36,4.43,4.41,4.43,4.32,0.6,0.5,0.5,0.5,0.7
,20-Mar,4.32,0.6,4.32,4.37,4.33,4.36,4.28,0.5,0.5,0.5,0.5,0.7
,27-Mar,4.4,0.6,4.41,4.43,4.41,4.43,4.35,0.6,0.5,0.6,0.6,0.7
,3-Apr,4.41,0.7,4.42,4.44,4.41,4.46,4.38,0.7,0.5,0.6,0.6,0.8
,10-Apr,4.34,0.7,4.33,4.37,4.34,4.38,4.31,0.6,0.6,0.6,0.7,0.7
,17-Apr,4.27,0.7,4.26,4.32,4.28,4.32,4.23,0.7,0.5,0.7,0.6,0.8
,24-Apr,4.33,0.6,4.33,4.4,4.34,4.38,4.27,0.6,0.5,0.6,0.6,0.7
,1-May,4.29,0.7,4.27,4.36,4.28,4.35,4.25,0.6,0.5,0.6,0.6,0.8
,8-May,4.21,0.6,4.21,4.28,4.18,4.27,4.16,0.6,0.5,0.6,0.6,0.7
,15-May,4.2,0.6,4.19,4.23,4.2,4.23,4.17,0.6,0.5,0.5,0.6,0.7
,22-May,4.14,0.6,4.16,4.19,4.13,4.19,4.09,0.5,0.5,0.5,0.6,0.7
,29-May,4.12,0.6,4.12,4.17,4.11,4.18,4.07,0.5,0.4,0.5,0.5,0.7
,5-Jun,4.14,0.5,4.14,4.2,4.12,4.17,4.1,0.5,0.4,0.5,0.4,0.7
,12-Jun,4.2,0.6,4.18,4.26,4.2,4.23,4.16,0.6,0.4,0.6,0.4,0.6
,19-Jun,4.17,0.6,4.18,4.24,4.19,4.2,4.13,0.6,0.6,0.5,0.5,0.7
,26-Jun,4.14,0.5,4.14,4.19,4.15,4.17,4.12,0.4,0.5,0.4,0.4,0.6
,3-Jul,4.12,0.5,4.09,4.16,4.11,4.16,4.11,0.6,0.5,0.5,0.4,0.5
,10-Jul,4.15,0.7,4.14,4.19,4.14,4.19,4.12,0.7,0.6,0.7,0.6,0.8
,17-Jul,4.13,0.6,4.14,4.2,4.1,4.17,4.11,0.6,0.5,0.7,0.5,0.6
,24-Jul,4.13,0.6,4.12,4.2,4.1,4.15,4.1,0.5,0.5,0.6,0.6,0.7
,31-Jul,4.12,0.6,4.12,4.19,4.11,4.15,4.09,0.6,0.5,0.6,0.6,0.8
,7-Aug,4.14,0.7,4.14,4.2,4.15,4.18,4.1,0.7,0.5,0.6,0.6,0.8
,14-Aug,4.12,0.6,4.12,4.17,4.11,4.14,4.09,0.6,0.5,0.6,0.6,0.7
,21-Aug,4.1,0.5,4.11,4.15,4.07,4.1,4.07,0.4,0.4,0.6,0.5,0.7
,28-Aug,4.1,0.5,4.1,4.16,4.09,4.13,4.08,0.5,0.4,0.6,0.5,0.6
,4-Sep,4.1,0.5,4.09,4.17,4.08,4.12,4.08,0.5,0.4,0.5,0.4,0.6
,11-Sep,4.12,0.5,4.1,4.15,4.13,4.16,4.1,0.5,0.4,0.5,0.4,0.6
,18-Sep,4.23,0.5,4.21,4.29,4.23,4.25,4.2,0.6,0.4,0.5,0.5,0.5
,25-Sep,4.2,0.5,4.18,4.26,4.21,4.23,4.17,0.5,0.3,0.5,0.4,0.6
,2-Oct,4.19,0.4,4.17,4.26,4.19,4.21,4.16,0.5,0.3,0.4,0.4,0.5
,9-Oct,4.12,0.5,4.13,4.16,4.1,4.14,4.1,0.4,0.5,0.6,0.5,0.6
,16-Oct,3.97,0.5,4,4,3.97,3.99,3.92,0.5,0.4,0.5,0.5,0.6
,23-Oct,3.92,0.5,3.93,3.95,3.91,3.93,3.89,0.5,0.5,0.6,0.5,0.6
,30-Oct,3.98,0.5,3.98,4.02,3.97,3.99,3.95,0.5,0.5,0.5,0.5,0.6
,6-Nov,4.02,0.5,4.02,4.09,3.99,4.04,4,0.5,0.5,0.7,0.5,0.5
,13-Nov,4.01,0.5,4.02,4.07,3.99,4.05,3.96,0.5,0.5,0.6,0.5,0.6
,20-Nov,3.99,0.5,3.99,4.03,3.97,4.01,3.96,0.5,0.5,0.5,0.5,0.5
,26-Nov,3.97,0.5,3.99,4.04,3.95,4.01,3.92,0.4,0.4,0.5,0.4,0.6
,4-Dec,3.89,0.5,3.92,3.98,3.84,3.93,3.82,0.4,0.4,0.5,0.4,0.5
,11-Dec,3.93,0.5,3.96,4.01,3.94,3.97,3.87,0.5,0.4,0.5,0.5,0.6
,18-Dec,3.8,0.6,3.81,3.88,3.8,3.83,3.75,0.6,0.5,0.6,0.6,0.7
,24-Dec,3.83,0.6,3.84,3.9,3.82,3.89,3.76,0.6,0.5,0.6,0.5,0.8
,31-Dec,3.87,0.6,3.9,3.94,3.85,3.92,3.8,0.6,0.5,0.6,0.4,0.6
2015,8-Jan,3.73,0.6,3.74,3.81,3.72,3.78,3.66,0.6,0.5,0.6,0.5,0.6
,15-Jan,3.66,0.6,3.66,3.75,3.66,3.68,3.6,0.6,0.6,0.6,0.5,0.6
,22-Jan,3.63,0.7,3.64,3.74,3.6,3.66,3.57,0.6,0.6,0.7,0.6,0.7
,29-Jan,3.66,0.6,3.67,3.77,3.64,3.68,3.61,0.6,0.6,0.6,0.5,0.7
,5-Feb,3.59,0.7,3.6,3.69,3.56,3.6,3.54,0.6,0.5,0.7,0.6,0.8
,12-Feb,3.69,0.6,3.68,3.79,3.67,3.73,3.65,0.6,0.5,0.6,0.5,0.7
,19-Feb,3.76,0.6,3.75,3.87,3.73,3.82,3.71,0.5,0.5,0.7,0.5,0.7
,26-Feb,3.8,0.6,3.77,3.89,3.77,3.88,3.76,0.6,0.5,0.6,0.5,0.7
,5-Mar,3.75,0.6,3.72,3.84,3.73,3.82,3.7,0.6,0.5,0.7,0.5,0.7
,12-Mar,3.86,0.6,3.86,3.95,3.85,3.89,3.8,0.5,0.5,0.6,0.6,0.7
,19-Mar,3.78,0.6,3.76,3.87,3.77,3.84,3.73,0.6,0.5,0.7,0.6,0.7
,26-Mar,3.69,0.6,3.69,3.79,3.68,3.74,3.64,0.5,0.5,0.6,0.5,0.8
,2-Apr,3.7,0.6,3.69,3.8,3.68,3.73,3.67,0.5,0.5,0.6,0.5,0.7
,9-Apr,3.66,0.6,3.66,3.75,3.62,3.68,3.63,0.5,0.5,0.7,0.6,0.7
,16-Apr,3.67,0.7,3.65,3.79,3.64,3.71,3.64,0.7,0.5,0.6,0.5,0.7
,23-Apr,3.65,0.6,3.62,3.77,3.63,3.68,3.62,0.6,0.5,0.6,0.4,0.7
,30-Apr,3.68,0.6,3.65,3.79,3.65,3.7,3.64,0.6,0.5,0.7,0.5,0.7
,7-May,3.8,0.6,3.78,3.88,3.78,3.82,3.77,0.6,0.5,0.6,0.5,0.7
,14-May,3.85,0.6,3.84,3.92,3.82,3.91,3.81,0.5,0.5,0.6,0.5,0.7
,21-May,3.84,0.7,3.83,3.89,3.82,3.9,3.81,0.6,0.6,0.7,0.6,0.8
,28-May,3.87,0.6,3.87,3.93,3.86,3.91,3.83,0.6,0.5,0.6,0.5,0.7
,4-Jun,3.87,0.6,3.88,3.92,3.83,3.9,3.85,0.6,0.5,0.6,0.5,0.6
,11-Jun,4.04,0.6,4.01,4.08,4.05,4.08,4.01,0.7,0.5,0.6,0.5,0.8
,18-Jun,4,0.7,3.97,4.04,4.02,4.07,3.98,0.6,0.6,0.7,0.5,0.8
,25-Jun,4.02,0.7,4.03,4.04,4.01,4.06,3.98,0.6,0.5,0.7,0.5,0.8
,2-Jul,4.08,0.6,4.08,4.11,4.08,4.13,4.05,0.6,0.5,0.6,0.5,0.7
,9-Jul,4.04,0.6,4.07,4.09,4.03,4.08,3.97,0.5,0.5,0.7,0.5,0.8
,16-Jul,4.09,0.6,4.09,4.16,4.09,4.12,4.05,0.6,0.5,0.6,0.5,0.7
,23-Jul,4.04,0.6,4.07,4.09,4.04,4.08,3.97,0.6,0.5,0.6,0.5,0.7
,30-Jul,3.98,0.6,4.01,4.02,3.97,4.03,3.91,0.6,0.5,0.7,0.5,0.7
,6-Aug,3.91,0.6,3.94,3.94,3.9,3.92,3.86,0.6,0.5,0.6,0.5,0.7
,13-Aug,3.94,0.6,3.97,3.97,3.93,3.99,3.9,0.6,0.5,0.6,0.5,0.7
,20-Aug,3.93,0.6,3.95,3.97,3.91,3.97,3.89,0.6,0.5,0.6,0.5,0.7
,27-Aug,3.84,0.6,3.88,3.88,3.84,3.85,3.78,0.5,0.5,0.7,0.5,0.7
,3-Sep,3.89,0.6,3.88,3.93,3.88,3.93,3.86,0.7,0.6,0.6,0.5,0.7
,10-Sep,3.9,0.6,3.9,3.94,3.91,3.96,3.85,0.6,0.6,0.6,0.5,0.7
,17-Sep,3.91,0.6,3.92,3.93,3.91,3.94,3.87,0.6,0.6,0.6,0.5,0.7
,24-Sep,3.86,0.7,3.88,3.89,3.87,3.9,3.81,0.6,0.6,0.6,0.6,0.8
,1-Oct,3.85,0.6,3.87,3.89,3.82,3.9,3.8,0.6,0.5,0.7,0.5,0.7
,8-Oct,3.76,0.6,3.79,3.78,3.74,3.8,3.71,0.6,0.6,0.7,0.6,0.7
,15-Oct,3.82,0.6,3.87,3.87,3.8,3.85,3.76,0.5,0.6,0.7,0.5,0.7
,22-Oct,3.79,0.6,3.83,3.83,3.78,3.81,3.73,0.5,0.5,0.7,0.4,0.7
,29-Oct,3.76,0.6,3.77,3.83,3.75,3.79,3.71,0.6,0.5,0.6,0.5,0.7
,5-Nov,3.87,0.6,3.89,3.91,3.88,3.88,3.83,0.5,0.5,0.5,0.5,0.7
,12-Nov,3.98,0.6,3.99,4.01,3.96,4.03,3.96,0.6,0.6,0.7,0.5,0.7
,19-Nov,3.97,0.6,3.98,3.98,3.96,3.98,3.94,0.5,0.6,0.6,0.5,0.7
,25-Nov,3.95,0.7,3.96,3.97,3.93,3.98,3.92,0.6,0.6,0.7,0.5,0.8
,3-Dec,3.93,0.6,3.97,3.96,3.92,3.94,3.9,0.5,0.6,0.6,0.5,0.7
,10-Dec,3.95,0.6,3.98,3.98,3.93,3.98,3.92,0.5,0.6,0.6,0.5,0.6
,17-Dec,3.97,0.6,3.97,3.99,3.97,4.01,3.94,0.5,0.6,0.6,0.5,0.7
,24-Dec,3.96,0.6,3.98,3.98,3.95,3.99,3.93,0.6,0.6,0.6,0.6,0.8
,31-Dec,4.01,0.6,4.02,4.04,4,4.05,3.98,0.5,0.5,0.6,0.5,0.7
